{
  "title": "123_1_09.jpeg",
  "description": "",
  "url": "https://lh3.googleusercontent.com/-efWHLhMbmhI/XKSduMlPc7I/AAAAAAAAABI/1_Z4RhCQR28SN5onK68NehGTM-SOOCO7QCLABGAYYCw/s0-d/123_1_09.jpeg",
  "imageViews": "0",
  "creationTime": {
    "timestamp": "1554292152",
    "formatted": "3 Apr 2019, 11:49:12 UTC"
  },
  "modificationTime": {
    "timestamp": "1554292436",
    "formatted": "3 Apr 2019, 11:53:56 UTC"
  },
  "geoData": {
    "latitude": 0.0,
    "longitude": 0.0,
    "altitude": 0.0,
    "latitudeSpan": 0.0,
    "longitudeSpan": 0.0
  },
  "geoDataExif": {
    "latitude": 0.0,
    "longitude": 0.0,
    "altitude": 0.0,
    "latitudeSpan": 0.0,
    "longitudeSpan": 0.0
  },
  "photoTakenTime": {
    "timestamp": "1554292140",
    "formatted": "3 Apr 2019, 11:49:00 UTC"
  }
}