{
  "title": "1553010783057.jpg",
  "description": "",
  "url": "https://lh3.googleusercontent.com/-3m3BTHXah3A/XKSlSL2ZT7I/AAAAAAAAAEA/GHVAJGB2qw4xhKuJhRURbPBNIHhNRYAzACLABGAYYCw/s0-d/1553010783057.jpg",
  "imageViews": "0",
  "creationTime": {
    "timestamp": "1554294088",
    "formatted": "3 Apr 2019, 12:21:28 UTC"
  },
  "modificationTime": {
    "timestamp": "1554294604",
    "formatted": "3 Apr 2019, 12:30:04 UTC"
  },
  "geoData": {
    "latitude": 0.0,
    "longitude": 0.0,
    "altitude": 0.0,
    "latitudeSpan": 0.0,
    "longitudeSpan": 0.0
  },
  "geoDataExif": {
    "latitude": 0.0,
    "longitude": 0.0,
    "altitude": 0.0,
    "latitudeSpan": 0.0,
    "longitudeSpan": 0.0
  },
  "photoTakenTime": {
    "timestamp": "1554294081",
    "formatted": "3 Apr 2019, 12:21:21 UTC"
  }
}