{
  "title": "FB_IMG_1553570954221.jpg",
  "description": "",
  "url": "https://lh3.googleusercontent.com/-AAhiT1S7xVg/XKSmAMZ_HBI/AAAAAAAAAIE/6t5WEOsRhCgL4dbvQtCyxDzzni4YieEagCLABGAYYCw/s0-d/FB_IMG_1553570954221.jpg",
  "imageViews": "0",
  "creationTime": {
    "timestamp": "1554294272",
    "formatted": "3 Apr 2019, 12:24:32 UTC"
  },
  "modificationTime": {
    "timestamp": "1554294604",
    "formatted": "3 Apr 2019, 12:30:04 UTC"
  },
  "geoData": {
    "latitude": 0.0,
    "longitude": 0.0,
    "altitude": 0.0,
    "latitudeSpan": 0.0,
    "longitudeSpan": 0.0
  },
  "geoDataExif": {
    "latitude": 0.0,
    "longitude": 0.0,
    "altitude": 0.0,
    "latitudeSpan": 0.0,
    "longitudeSpan": 0.0
  },
  "photoTakenTime": {
    "timestamp": "1554294228",
    "formatted": "3 Apr 2019, 12:23:48 UTC"
  }
}