{
  "title": "FB_IMG_1553007996911.jpg",
  "description": "",
  "url": "https://lh3.googleusercontent.com/-AMN1X4RCVqE/XKSqOGX2MqI/AAAAAAAAAMg/48kMqkqK3HwUl1BFHWebqKvGqQpufu-SQCLABGAYYCw/s0-d/FB_IMG_1553007996911.jpg",
  "imageViews": "0",
  "creationTime": {
    "timestamp": "1554295352",
    "formatted": "3 Apr 2019, 12:42:32 UTC"
  },
  "modificationTime": {
    "timestamp": "1554295636",
    "formatted": "3 Apr 2019, 12:47:16 UTC"
  },
  "geoData": {
    "latitude": 0.0,
    "longitude": 0.0,
    "altitude": 0.0,
    "latitudeSpan": 0.0,
    "longitudeSpan": 0.0
  },
  "geoDataExif": {
    "latitude": 0.0,
    "longitude": 0.0,
    "altitude": 0.0,
    "latitudeSpan": 0.0,
    "longitudeSpan": 0.0
  },
  "photoTakenTime": {
    "timestamp": "1554295343",
    "formatted": "3 Apr 2019, 12:42:23 UTC"
  }
}