{
  "title": "FB_IMG_1553008009490.jpg",
  "description": "",
  "url": "https://lh3.googleusercontent.com/-bD9KjIoGGPw/XKSlqCTRC5I/AAAAAAAAAFU/lK50Q9_NsX0hTwKFfNI0jmVDRHcN2ckPACLABGAYYCw/s0-d/FB_IMG_1553008009490.jpg",
  "imageViews": "0",
  "creationTime": {
    "timestamp": "1554294184",
    "formatted": "3 Apr 2019, 12:23:04 UTC"
  },
  "modificationTime": {
    "timestamp": "1554294604",
    "formatted": "3 Apr 2019, 12:30:04 UTC"
  },
  "geoData": {
    "latitude": 0.0,
    "longitude": 0.0,
    "altitude": 0.0,
    "latitudeSpan": 0.0,
    "longitudeSpan": 0.0
  },
  "geoDataExif": {
    "latitude": 0.0,
    "longitude": 0.0,
    "altitude": 0.0,
    "latitudeSpan": 0.0,
    "longitudeSpan": 0.0
  },
  "photoTakenTime": {
    "timestamp": "1554294176",
    "formatted": "3 Apr 2019, 12:22:56 UTC"
  }
}