{
  "title": "FB_IMG_1553570966479.jpg",
  "description": "",
  "url": "https://lh3.googleusercontent.com/-2zTQ5F9k9_E/XKSmHN1KvbI/AAAAAAAAAIE/W_-bfoe_pGo9_y6In1SklLiPrJ2_3HJDACLABGAYYCw/s0-d/FB_IMG_1553570966479.jpg",
  "imageViews": "0",
  "creationTime": {
    "timestamp": "1554294300",
    "formatted": "3 Apr 2019, 12:25:00 UTC"
  },
  "modificationTime": {
    "timestamp": "1554294604",
    "formatted": "3 Apr 2019, 12:30:04 UTC"
  },
  "geoData": {
    "latitude": 0.0,
    "longitude": 0.0,
    "altitude": 0.0,
    "latitudeSpan": 0.0,
    "longitudeSpan": 0.0
  },
  "geoDataExif": {
    "latitude": 0.0,
    "longitude": 0.0,
    "altitude": 0.0,
    "latitudeSpan": 0.0,
    "longitudeSpan": 0.0
  },
  "photoTakenTime": {
    "timestamp": "1554294288",
    "formatted": "3 Apr 2019, 12:24:48 UTC"
  }
}