{
  "title": "FB_IMG_1553570988970.jpg",
  "description": "",
  "url": "https://lh3.googleusercontent.com/-B2Od1Earw7g/XKSmS8bdbaI/AAAAAAAAAIE/HGmk3wVOb6QU6FFuwASNPJwcOEN_vQpogCLABGAYYCw/s0-d/FB_IMG_1553570988970.jpg",
  "imageViews": "0",
  "creationTime": {
    "timestamp": "1554294347",
    "formatted": "3 Apr 2019, 12:25:47 UTC"
  },
  "modificationTime": {
    "timestamp": "1554294604",
    "formatted": "3 Apr 2019, 12:30:04 UTC"
  },
  "geoData": {
    "latitude": 0.0,
    "longitude": 0.0,
    "altitude": 0.0,
    "latitudeSpan": 0.0,
    "longitudeSpan": 0.0
  },
  "geoDataExif": {
    "latitude": 0.0,
    "longitude": 0.0,
    "altitude": 0.0,
    "latitudeSpan": 0.0,
    "longitudeSpan": 0.0
  },
  "photoTakenTime": {
    "timestamp": "1554294337",
    "formatted": "3 Apr 2019, 12:25:37 UTC"
  }
}