{
  "title": "FB_IMG_1553570980025.jpg",
  "description": "",
  "url": "https://lh3.googleusercontent.com/-fE1tRbPYLC8/XKSmMF5pi2I/AAAAAAAAAIE/pnBTeZH0K5EB_pXy3j_ZO_kVXx-sOpyDwCLABGAYYCw/s0-d/FB_IMG_1553570980025.jpg",
  "imageViews": "0",
  "creationTime": {
    "timestamp": "1554294320",
    "formatted": "3 Apr 2019, 12:25:20 UTC"
  },
  "modificationTime": {
    "timestamp": "1554294604",
    "formatted": "3 Apr 2019, 12:30:04 UTC"
  },
  "geoData": {
    "latitude": 0.0,
    "longitude": 0.0,
    "altitude": 0.0,
    "latitudeSpan": 0.0,
    "longitudeSpan": 0.0
  },
  "geoDataExif": {
    "latitude": 0.0,
    "longitude": 0.0,
    "altitude": 0.0,
    "latitudeSpan": 0.0,
    "longitudeSpan": 0.0
  },
  "photoTakenTime": {
    "timestamp": "1554294312",
    "formatted": "3 Apr 2019, 12:25:12 UTC"
  }
}