{
  "title": "FB_IMG_1553008021281.jpg",
  "description": "",
  "url": "https://lh3.googleusercontent.com/-bzBVyqRkg4M/XKSlvpEpfxI/AAAAAAAAAFU/0VsxVIFpYNceepPednsT-qXORh2mqkTpwCLABGAYYCw/s0-d/FB_IMG_1553008021281.jpg",
  "imageViews": "0",
  "creationTime": {
    "timestamp": "1554294206",
    "formatted": "3 Apr 2019, 12:23:26 UTC"
  },
  "modificationTime": {
    "timestamp": "1554294604",
    "formatted": "3 Apr 2019, 12:30:04 UTC"
  },
  "geoData": {
    "latitude": 0.0,
    "longitude": 0.0,
    "altitude": 0.0,
    "latitudeSpan": 0.0,
    "longitudeSpan": 0.0
  },
  "geoDataExif": {
    "latitude": 0.0,
    "longitude": 0.0,
    "altitude": 0.0,
    "latitudeSpan": 0.0,
    "longitudeSpan": 0.0
  },
  "photoTakenTime": {
    "timestamp": "1554294199",
    "formatted": "3 Apr 2019, 12:23:19 UTC"
  }
}