{
  "title": "FB_IMG_1553570943289.jpg",
  "description": "",
  "url": "https://lh3.googleusercontent.com/-hiSvH-v_EjE/XKSmedWMnJI/AAAAAAAAAIE/NVZE_EoEUwkSHidlhopK1EyHScG6JyVDQCLABGAYYCw/s0-d/FB_IMG_1553570943289.jpg",
  "imageViews": "0",
  "creationTime": {
    "timestamp": "1554294393",
    "formatted": "3 Apr 2019, 12:26:33 UTC"
  },
  "modificationTime": {
    "timestamp": "1554294604",
    "formatted": "3 Apr 2019, 12:30:04 UTC"
  },
  "geoData": {
    "latitude": 0.0,
    "longitude": 0.0,
    "altitude": 0.0,
    "latitudeSpan": 0.0,
    "longitudeSpan": 0.0
  },
  "geoDataExif": {
    "latitude": 0.0,
    "longitude": 0.0,
    "altitude": 0.0,
    "latitudeSpan": 0.0,
    "longitudeSpan": 0.0
  },
  "photoTakenTime": {
    "timestamp": "1554294386",
    "formatted": "3 Apr 2019, 12:26:26 UTC"
  }
}