{
  "title": "FB_IMG_1553988581742.jpg",
  "description": "",
  "url": "https://lh3.googleusercontent.com/-vWkwi3MtB48/XKSkUWhuMSI/AAAAAAAAAC8/5FF3n54LAgcXKjOvOIGxYUsFRzj84sx4wCLABGAYYCw/s0-d/FB_IMG_1553988581742.jpg",
  "imageViews": "0",
  "creationTime": {
    "timestamp": "1554293841",
    "formatted": "3 Apr 2019, 12:17:21 UTC"
  },
  "modificationTime": {
    "timestamp": "1554294067",
    "formatted": "3 Apr 2019, 12:21:07 UTC"
  },
  "geoData": {
    "latitude": 0.0,
    "longitude": 0.0,
    "altitude": 0.0,
    "latitudeSpan": 0.0,
    "longitudeSpan": 0.0
  },
  "geoDataExif": {
    "latitude": 0.0,
    "longitude": 0.0,
    "altitude": 0.0,
    "latitudeSpan": 0.0,
    "longitudeSpan": 0.0
  },
  "photoTakenTime": {
    "timestamp": "1554293822",
    "formatted": "3 Apr 2019, 12:17:02 UTC"
  }
}