{
  "title": "received_578136422653548.png",
  "description": "",
  "url": "https://lh3.googleusercontent.com/-SNA0sicADdY/XKSpxVuZNQI/AAAAAAAAALk/D4VW3uj3nUkDljEARVNMVhD5lFs9XLq_ACLABGAYYCw/s0-d/received_578136422653548.png",
  "imageViews": "0",
  "creationTime": {
    "timestamp": "1554295237",
    "formatted": "3 Apr 2019, 12:40:37 UTC"
  },
  "modificationTime": {
    "timestamp": "1554295636",
    "formatted": "3 Apr 2019, 12:47:16 UTC"
  },
  "geoData": {
    "latitude": 0.0,
    "longitude": 0.0,
    "altitude": 0.0,
    "latitudeSpan": 0.0,
    "longitudeSpan": 0.0
  },
  "geoDataExif": {
    "latitude": 0.0,
    "longitude": 0.0,
    "altitude": 0.0,
    "latitudeSpan": 0.0,
    "longitudeSpan": 0.0
  },
  "photoTakenTime": {
    "timestamp": "1554295222",
    "formatted": "3 Apr 2019, 12:40:22 UTC"
  }
}