{
  "title": "received_368131667367154.png",
  "description": "",
  "url": "https://lh3.googleusercontent.com/-dm5F2Yjjh4s/XKSpk7ro1vI/AAAAAAAAALk/-4cL8DiqdFUEx3wZl0AaaySHpJAzcsIrwCLABGAYYCw/s0-d/received_368131667367154.png",
  "imageViews": "0",
  "creationTime": {
    "timestamp": "1554295187",
    "formatted": "3 Apr 2019, 12:39:47 UTC"
  },
  "modificationTime": {
    "timestamp": "1554295636",
    "formatted": "3 Apr 2019, 12:47:16 UTC"
  },
  "geoData": {
    "latitude": 0.0,
    "longitude": 0.0,
    "altitude": 0.0,
    "latitudeSpan": 0.0,
    "longitudeSpan": 0.0
  },
  "geoDataExif": {
    "latitude": 0.0,
    "longitude": 0.0,
    "altitude": 0.0,
    "latitudeSpan": 0.0,
    "longitudeSpan": 0.0
  },
  "photoTakenTime": {
    "timestamp": "1554295169",
    "formatted": "3 Apr 2019, 12:39:29 UTC"
  }
}