{
  "title": "Screenshot_2019-03-22-17-15-16.png",
  "description": "",
  "url": "https://lh3.googleusercontent.com/-Xvbk1xJJrbY/XKSqrtlHNmI/AAAAAAAAANM/Gfq8j99E0mIDVCY4nulxkTRdigB9YlzzwCLABGAYYCw/s0-d/Screenshot_2019-03-22-17-15-16.png",
  "imageViews": "0",
  "creationTime": {
    "timestamp": "1554295470",
    "formatted": "3 Apr 2019, 12:44:30 UTC"
  },
  "modificationTime": {
    "timestamp": "1554295636",
    "formatted": "3 Apr 2019, 12:47:16 UTC"
  },
  "geoData": {
    "latitude": 0.0,
    "longitude": 0.0,
    "altitude": 0.0,
    "latitudeSpan": 0.0,
    "longitudeSpan": 0.0
  },
  "geoDataExif": {
    "latitude": 0.0,
    "longitude": 0.0,
    "altitude": 0.0,
    "latitudeSpan": 0.0,
    "longitudeSpan": 0.0
  },
  "photoTakenTime": {
    "timestamp": "1554295407",
    "formatted": "3 Apr 2019, 12:43:27 UTC"
  }
}