{
  "title": "Screenshot_2019-03-22-16-53-20.png",
  "description": "",
  "url": "https://lh3.googleusercontent.com/-mD93t-7r5Cs/XKSoVpiQR5I/AAAAAAAAAJs/DsKm5JQkAasmAxmgqzzUcdhgIACzYxZ1ACLABGAYYCw/s0-d/Screenshot_2019-03-22-16-53-20.png",
  "imageViews": "0",
  "creationTime": {
    "timestamp": "1554294870",
    "formatted": "3 Apr 2019, 12:34:30 UTC"
  },
  "modificationTime": {
    "timestamp": "1554295636",
    "formatted": "3 Apr 2019, 12:47:16 UTC"
  },
  "geoData": {
    "latitude": 0.0,
    "longitude": 0.0,
    "altitude": 0.0,
    "latitudeSpan": 0.0,
    "longitudeSpan": 0.0
  },
  "geoDataExif": {
    "latitude": 0.0,
    "longitude": 0.0,
    "altitude": 0.0,
    "latitudeSpan": 0.0,
    "longitudeSpan": 0.0
  },
  "photoTakenTime": {
    "timestamp": "1554294819",
    "formatted": "3 Apr 2019, 12:33:39 UTC"
  }
}