{
  "title": "Screenshot_2019-03-22-17-15-13.png",
  "description": "",
  "url": "https://lh3.googleusercontent.com/-ot6xE6XmPEw/XKSkF3XWMgI/AAAAAAAAAC8/_ko7kFCEwPECZOIkPRKFvEHD3NxDURkCACLABGAYYCw/s0-d/Screenshot_2019-03-22-17-15-13.png",
  "imageViews": "0",
  "creationTime": {
    "timestamp": "1554293783",
    "formatted": "3 Apr 2019, 12:16:23 UTC"
  },
  "modificationTime": {
    "timestamp": "1554295503",
    "formatted": "3 Apr 2019, 12:45:03 UTC"
  },
  "geoData": {
    "latitude": 0.0,
    "longitude": 0.0,
    "altitude": 0.0,
    "latitudeSpan": 0.0,
    "longitudeSpan": 0.0
  },
  "geoDataExif": {
    "latitude": 0.0,
    "longitude": 0.0,
    "altitude": 0.0,
    "latitudeSpan": 0.0,
    "longitudeSpan": 0.0
  },
  "photoTakenTime": {
    "timestamp": "1554293755",
    "formatted": "3 Apr 2019, 12:15:55 UTC"
  }
}