{
  "title": "Screenshot_2019-03-22-16-53-20.png",
  "description": "300+answers 1 question on stack",
  "url": "https://lh3.googleusercontent.com/-tq6JqE17Fvg/XKSpSxjoo7I/AAAAAAAAAKo/Rkpl2Ncla2I8kFwTZCEzGYbmuypDK2X3ACLABGAYYCw/s0-d/Screenshot_2019-03-22-16-53-20.png",
  "imageViews": "0",
  "creationTime": {
    "timestamp": "1554295115",
    "formatted": "3 Apr 2019, 12:38:35 UTC"
  },
  "modificationTime": {
    "timestamp": "1554295636",
    "formatted": "3 Apr 2019, 12:47:16 UTC"
  },
  "geoData": {
    "latitude": 0.0,
    "longitude": 0.0,
    "altitude": 0.0,
    "latitudeSpan": 0.0,
    "longitudeSpan": 0.0
  },
  "geoDataExif": {
    "latitude": 0.0,
    "longitude": 0.0,
    "altitude": 0.0,
    "latitudeSpan": 0.0,
    "longitudeSpan": 0.0
  },
  "photoTakenTime": {
    "timestamp": "1554294948",
    "formatted": "3 Apr 2019, 12:35:48 UTC"
  }
}