{
  "title": "Screenshot_2019-03-22-17-18-59.png",
  "description": "",
  "url": "https://lh3.googleusercontent.com/-bUZ7jIezFy0/XKSki-uBm5I/AAAAAAAAAC8/qnTSxQGMyUUFGusWl9MJQqAUQVA3xcbOgCLABGAYYCw/s0-d/Screenshot_2019-03-22-17-18-59.png",
  "imageViews": "0",
  "creationTime": {
    "timestamp": "1554293899",
    "formatted": "3 Apr 2019, 12:18:19 UTC"
  },
  "modificationTime": {
    "timestamp": "1554295557",
    "formatted": "3 Apr 2019, 12:45:57 UTC"
  },
  "geoData": {
    "latitude": 0.0,
    "longitude": 0.0,
    "altitude": 0.0,
    "latitudeSpan": 0.0,
    "longitudeSpan": 0.0
  },
  "geoDataExif": {
    "latitude": 0.0,
    "longitude": 0.0,
    "altitude": 0.0,
    "latitudeSpan": 0.0,
    "longitudeSpan": 0.0
  },
  "photoTakenTime": {
    "timestamp": "1554293881",
    "formatted": "3 Apr 2019, 12:18:01 UTC"
  }
}