{
    "Home App Data": [
        {"full_structures": [{
            "owner_emails": ["mahrcohs16@gmail.com"],
            "rooms_and_devices": [{
                        "devices": [{
                                    "device_info": {"model": "Chromecast"},
                                    "creator_emails": ["mahrcohs16@gmail.com"],
                                    "agent_device_names": {"name": "Entryway TV"},
                                    "type": "action.devices.types.TV",
                                    "supported_traits": [
                                                "action.devices.traits.Cast",
                                                "action.devices.traits.RemoteDucking"
                                    ]
                        }],
                        "room": {
                                    "name": "Entryway",
                                    "type": "OTHER"
                        }
            }],
            "structure": {"name": "Boling"}
}]}
    ]
}