[{
  "device": {
    "mostRecentData": {
      "carrierName": "No carrier",
      "playStoreClientVersion": 81391700,
      "manufacturer": "samsung",
      "modelName": "SM-T280",
      "deviceName": "gtexswifi",
      "productName": "gtexswifixx",
      "retailBrand": "samsung",
      "totalMemoryBytes": "1526210560",
      "nativePlatform": ["armeabi-v7a", "armeabi"],
      "deviceIpCountry": "CA",
      "userLocale": "en_CA",
      "buildFingerprint": "samsung/gtexswifixx/gtexswifi:5.1.1/LMY47V/T280XXS0ARK3:user/release-keys",
      "androidSdkVersion": "22"
    },
    "deviceRegistrationTime": "2019-03-19T12:34:13.276Z",
    "userAddedOnDeviceTime": "2019-03-19T12:34:13.276Z",
    "lastTimeDeviceActive": "2019-03-19T13:16:26.221375Z"
  }
},
{
  "device": {
    "mostRecentData": {
      "carrierName": "Koodo Mobile",
      "playStoreClientVersion": 81391700,
      "manufacturer": "LGE",
      "modelName": "LG-K121",
      "deviceName": "e1q",
      "productName": "e1q_tls_ca",
      "retailBrand": "lge",
      "totalMemoryBytes": "953552896",
      "nativePlatform": ["armeabi-v7a", "armeabi"],
      "deviceIpCountry": "CA",
      "userLocale": "en_US",
      "buildFingerprint": "lge/e1q_tls_ca/e1q:5.1.1/LMY47V/1625609594a2e:user/release-keys",
      "androidSdkVersion": "22"
    },
    "deviceRegistrationTime": "2019-03-18T23:50:58.064Z",
    "userAddedOnDeviceTime": "2019-03-18T23:50:58.064Z",
    "lastTimeDeviceActive": "2019-03-19T00:01:40.517935Z"
  }
},
{
  "device": {
    "mostRecentData": {
      "carrierName": "No carrier",
      "playStoreClientVersion": 81391700,
      "manufacturer": "samsung",
      "modelName": "SM-T280",
      "deviceName": "gtexswifi",
      "productName": "gtexswifixx",
      "retailBrand": "samsung",
      "totalMemoryBytes": "1526210560",
      "nativePlatform": ["armeabi-v7a", "armeabi"],
      "deviceIpCountry": "CA",
      "userLocale": "en_CA",
      "buildFingerprint": "samsung/gtexswifixx/gtexswifi:5.1.1/LMY47V/T280XXS0ARK3:user/release-keys",
      "androidSdkVersion": "22"
    },
    "deviceRegistrationTime": "2019-03-16T18:00:42.998Z",
    "userAddedOnDeviceTime": "2019-03-16T18:00:42.998Z",
    "lastTimeDeviceActive": "2019-03-16T18:53:18.988802Z"
  }
},
{
  "device": {
    "mostRecentData": {
      "carrierName": "No carrier",
      "playStoreClientVersion": 81391700,
      "manufacturer": "LGE",
      "modelName": "LG-K121",
      "deviceName": "e1q",
      "productName": "e1q_tls_ca",
      "retailBrand": "lge",
      "totalMemoryBytes": "953552896",
      "nativePlatform": ["armeabi-v7a", "armeabi"],
      "deviceIpCountry": "CA",
      "userLocale": "en_CA",
      "buildFingerprint": "lge/e1q_tls_ca/e1q:5.1.1/LMY47V/1625609594a2e:user/release-keys",
      "androidSdkVersion": "22"
    },
    "deviceRegistrationTime": "2019-03-09T23:39:37.852Z",
    "userAddedOnDeviceTime": "2019-03-09T23:39:37.852Z",
    "lastTimeDeviceActive": "2019-03-16T20:41:50.314479Z"
  }
},
{
  "device": {
    "mostRecentData": {
      "carrierName": "Koodo Mobile",
      "playStoreClientVersion": 81391700,
      "manufacturer": "LGE",
      "modelName": "LG-K121",
      "deviceName": "e1q",
      "productName": "e1q_tls_ca",
      "retailBrand": "lge",
      "totalMemoryBytes": "953552896",
      "nativePlatform": ["armeabi-v7a", "armeabi"],
      "deviceIpCountry": "CA",
      "userLocale": "en_CA",
      "buildFingerprint": "lge/e1q_tls_ca/e1q:5.1.1/LMY47V/1625609594a2e:user/release-keys",
      "androidSdkVersion": "22"
    },
    "deviceRegistrationTime": "2019-03-15T03:03:37.180Z",
    "userAddedOnDeviceTime": "2019-03-15T05:20:58.172Z",
    "lastTimeDeviceActive": "2019-03-15T05:20:58.303094Z"
  }
},
{
  "device": {
    "mostRecentData": {
      "carrierName": "Koodo Mobile",
      "playStoreClientVersion": 81381600,
      "manufacturer": "LGE",
      "modelName": "LG-K121",
      "deviceName": "e1q",
      "productName": "e1q_tls_ca",
      "retailBrand": "lge",
      "totalMemoryBytes": "953552896",
      "nativePlatform": ["armeabi-v7a", "armeabi"],
      "deviceIpCountry": "CA",
      "userLocale": "en_CA",
      "buildFingerprint": "lge/e1q_tls_ca/e1q:5.1.1/LMY47V/1625609594a2e:user/release-keys",
      "androidSdkVersion": "22"
    },
    "dataAtTimeOfUserPlayActivity": {
      "carrierName": "Koodo Mobile",
      "manufacturer": "LGE",
      "modelName": "LG-K121",
      "deviceName": "e1q",
      "productName": "e1q_tls_ca",
      "retailBrand": "lge",
      "nativePlatform": ["armeabi-v7a", "armeabi"],
      "deviceIpCountry": "CA",
      "userLocale": "en_CA",
      "androidSdkVersion": "22"
    },
    "deviceRegistrationTime": "2019-03-07T22:34:48.832Z",
    "userAddedOnDeviceTime": "2019-03-07T22:34:48.833Z",
    "lastTimeDeviceActive": "2019-03-09T15:45:38.248239Z"
  }
},
{
  "device": {
    "mostRecentData": {
      "carrierName": "No carrier",
      "playStoreClientVersion": 81391700,
      "manufacturer": "samsung",
      "modelName": "SM-T280",
      "deviceName": "gtexswifi",
      "productName": "gtexswifixx",
      "retailBrand": "samsung",
      "totalMemoryBytes": "1526210560",
      "nativePlatform": ["armeabi-v7a", "armeabi"],
      "deviceIpCountry": "CA",
      "userLocale": "en_CA",
      "buildFingerprint": "samsung/gtexswifixx/gtexswifi:5.1.1/LMY47V/T280XXS0ARK3:user/release-keys",
      "androidSdkVersion": "22"
    },
    "deviceRegistrationTime": "2019-02-19T19:31:39.039Z",
    "userAddedOnDeviceTime": "2019-03-03T19:02:54.935Z",
    "lastTimeDeviceActive": "2019-03-14T22:19:25.029743Z"
  }
}]