[{
  "install": {
    "doc": {
      "documentType": "Android Apps",
      "title": "CNN Breaking US \u0026 World News"
    },
    "firstInstallationTime": "2019-03-19T12:34:33.526001Z",
    "deviceAttribute": {
      "model": "SM-T280",
      "carrier": "No carrier",
      "manufacturer": "samsung",
      "deviceDisplayName": "samsung SM-T280"
    },
    "lastUpdateTime": "2019-03-19T16:02:39.622Z"
  }
},
{
  "install": {
    "doc": {
      "documentType": "Android Apps",
      "title": "CNN Breaking US \u0026 World News"
    },
    "firstInstallationTime": "2019-03-16T18:01:10.136001Z",
    "deviceAttribute": {
      "deviceDisplayName": "Unknown Device"
    },
    "lastUpdateTime": "2019-03-19T11:56:31.932Z"
  }
},
{
  "install": {
    "doc": {
      "documentType": "Android Apps",
      "title": "CNN Breaking US \u0026 World News"
    },
    "firstInstallationTime": "2019-03-03T19:03:02.483Z",
    "deviceAttribute": {
      "deviceDisplayName": "Unknown Device"
    },
    "lastUpdateTime": "2019-03-10T16:45:15.092Z"
  }
},
{
  "install": {
    "doc": {
      "documentType": "Android Apps",
      "title": "Google Docs"
    },
    "firstInstallationTime": "2019-03-25T21:20:13.423005Z",
    "deviceAttribute": {
      "deviceDisplayName": "Unknown Device"
    },
    "lastUpdateTime": "2019-03-29T01:48:57.541Z"
  }
},
{
  "install": {
    "doc": {
      "documentType": "Android Apps",
      "title": "Google Docs"
    },
    "firstInstallationTime": "2019-03-18T23:51:13.852003Z",
    "deviceAttribute": {
      "model": "LG-K121",
      "carrier": "Koodo Mobile",
      "manufacturer": "LGE",
      "deviceDisplayName": "LGE LG-K121"
    },
    "lastUpdateTime": "2019-03-19T00:18:52.799Z"
  }
},
{
  "install": {
    "doc": {
      "documentType": "Android Apps",
      "title": "Google Docs"
    },
    "firstInstallationTime": "2019-03-15T05:33:43.898003Z",
    "deviceAttribute": {
      "deviceDisplayName": "Unknown Device"
    },
    "lastUpdateTime": "2019-03-18T16:53:19.530Z"
  }
},
{
  "install": {
    "doc": {
      "documentType": "Android Apps",
      "title": "Google Docs"
    },
    "firstInstallationTime": "2019-03-15T03:03:47.299003Z",
    "deviceAttribute": {
      "deviceDisplayName": "Unknown Device"
    },
    "lastUpdateTime": "2019-03-15T05:20:59.986Z"
  }
},
{
  "install": {
    "doc": {
      "documentType": "Android Apps",
      "title": "Google Docs"
    },
    "firstInstallationTime": "2019-03-11T23:24:00.109003Z",
    "deviceAttribute": {
      "deviceDisplayName": "Unknown Device"
    },
    "lastUpdateTime": "2019-03-13T07:38:33.736Z"
  }
},
{
  "install": {
    "doc": {
      "documentType": "Android Apps",
      "title": "Google Docs"
    },
    "firstInstallationTime": "2019-03-09T23:39:55.625003Z",
    "deviceAttribute": {
      "model": "LG-K121",
      "carrier": "No carrier",
      "manufacturer": "LGE",
      "deviceDisplayName": "LGE LG-K121"
    },
    "lastUpdateTime": "2019-03-14T02:39:22.039Z"
  }
},
{
  "install": {
    "doc": {
      "documentType": "Android Apps",
      "title": "Google Docs"
    },
    "firstInstallationTime": "2019-03-07T22:35:26.545003Z",
    "deviceAttribute": {
      "deviceDisplayName": "Unknown Device"
    },
    "lastUpdateTime": "2019-03-09T15:45:38.639Z"
  }
},
{
  "install": {
    "doc": {
      "documentType": "Android Apps",
      "title": "Google Sheets"
    },
    "firstInstallationTime": "2019-03-25T21:20:13.423006Z",
    "deviceAttribute": {
      "deviceDisplayName": "Unknown Device"
    },
    "lastUpdateTime": "2019-03-29T01:48:57.541Z"
  }
},
{
  "install": {
    "doc": {
      "documentType": "Android Apps",
      "title": "Google Sheets"
    },
    "firstInstallationTime": "2019-03-18T23:51:13.852004Z",
    "deviceAttribute": {
      "model": "LG-K121",
      "carrier": "Koodo Mobile",
      "manufacturer": "LGE",
      "deviceDisplayName": "LGE LG-K121"
    },
    "lastUpdateTime": "2019-03-19T00:18:52.799Z"
  }
},
{
  "install": {
    "doc": {
      "documentType": "Android Apps",
      "title": "Google Sheets"
    },
    "firstInstallationTime": "2019-03-15T05:33:43.898004Z",
    "deviceAttribute": {
      "deviceDisplayName": "Unknown Device"
    },
    "lastUpdateTime": "2019-03-18T16:53:19.530Z"
  }
},
{
  "install": {
    "doc": {
      "documentType": "Android Apps",
      "title": "Google Sheets"
    },
    "firstInstallationTime": "2019-03-15T03:03:47.299004Z",
    "deviceAttribute": {
      "deviceDisplayName": "Unknown Device"
    },
    "lastUpdateTime": "2019-03-15T05:20:59.986Z"
  }
},
{
  "install": {
    "doc": {
      "documentType": "Android Apps",
      "title": "Google Sheets"
    },
    "firstInstallationTime": "2019-03-11T23:24:00.109004Z",
    "deviceAttribute": {
      "deviceDisplayName": "Unknown Device"
    },
    "lastUpdateTime": "2019-03-13T07:38:33.736Z"
  }
},
{
  "install": {
    "doc": {
      "documentType": "Android Apps",
      "title": "Google Sheets"
    },
    "firstInstallationTime": "2019-03-09T23:39:55.625004Z",
    "deviceAttribute": {
      "model": "LG-K121",
      "carrier": "No carrier",
      "manufacturer": "LGE",
      "deviceDisplayName": "LGE LG-K121"
    },
    "lastUpdateTime": "2019-03-14T02:39:22.039Z"
  }
},
{
  "install": {
    "doc": {
      "documentType": "Android Apps",
      "title": "Google Sheets"
    },
    "firstInstallationTime": "2019-03-07T22:35:26.545004Z",
    "deviceAttribute": {
      "deviceDisplayName": "Unknown Device"
    },
    "lastUpdateTime": "2019-03-09T15:45:38.639Z"
  }
},
{
  "install": {
    "doc": {
      "documentType": "Android Apps",
      "title": "Messages"
    },
    "firstInstallationTime": "2019-03-25T21:20:13.423009Z",
    "deviceAttribute": {
      "deviceDisplayName": "Unknown Device"
    },
    "lastUpdateTime": "2019-03-29T01:48:57.541Z"
  }
},
{
  "install": {
    "doc": {
      "documentType": "Android Apps",
      "title": "Google Duo - High Quality Video Calls"
    },
    "firstInstallationTime": "2019-03-25T21:20:13.423011Z",
    "deviceAttribute": {
      "deviceDisplayName": "Unknown Device"
    },
    "lastUpdateTime": "2019-03-29T01:48:57.541Z"
  }
},
{
  "install": {
    "doc": {
      "documentType": "Android Apps",
      "title": "Calculator"
    },
    "firstInstallationTime": "2019-03-25T21:20:13.423012Z",
    "deviceAttribute": {
      "deviceDisplayName": "Unknown Device"
    },
    "lastUpdateTime": "2019-03-29T01:48:57.541Z"
  }
},
{
  "install": {
    "doc": {
      "documentType": "Android Apps",
      "title": "Google Calendar"
    },
    "firstInstallationTime": "2019-03-25T21:20:13.423013Z",
    "deviceAttribute": {
      "deviceDisplayName": "Unknown Device"
    },
    "lastUpdateTime": "2019-03-29T01:48:57.541Z"
  }
},
{
  "install": {
    "doc": {
      "documentType": "Android Apps",
      "title": "Carrier Services"
    },
    "firstInstallationTime": "2019-03-25T21:20:13.423017Z",
    "deviceAttribute": {
      "deviceDisplayName": "Unknown Device"
    },
    "lastUpdateTime": "2019-03-29T01:48:57.541Z"
  }
},
{
  "install": {
    "doc": {
      "documentType": "Android Apps",
      "title": "Android Accessibility Suite"
    },
    "firstInstallationTime": "2019-03-25T21:20:13.423019Z",
    "deviceAttribute": {
      "deviceDisplayName": "Unknown Device"
    },
    "lastUpdateTime": "2019-03-29T01:48:57.541Z"
  }
},
{
  "install": {
    "doc": {
      "documentType": "Android Apps",
      "title": "Android Accessibility Suite"
    },
    "firstInstallationTime": "2019-03-19T12:34:33.526008Z",
    "deviceAttribute": {
      "model": "SM-T280",
      "carrier": "No carrier",
      "manufacturer": "samsung",
      "deviceDisplayName": "samsung SM-T280"
    },
    "lastUpdateTime": "2019-03-19T16:02:39.622Z"
  }
},
{
  "install": {
    "doc": {
      "documentType": "Android Apps",
      "title": "Android Accessibility Suite"
    },
    "firstInstallationTime": "2019-03-18T23:51:13.852012Z",
    "deviceAttribute": {
      "model": "LG-K121",
      "carrier": "Koodo Mobile",
      "manufacturer": "LGE",
      "deviceDisplayName": "LGE LG-K121"
    },
    "lastUpdateTime": "2019-03-19T00:18:52.799Z"
  }
},
{
  "install": {
    "doc": {
      "documentType": "Android Apps",
      "title": "Android Accessibility Suite"
    },
    "firstInstallationTime": "2019-03-16T18:01:10.136008Z",
    "deviceAttribute": {
      "deviceDisplayName": "Unknown Device"
    },
    "lastUpdateTime": "2019-03-19T11:56:31.932Z"
  }
},
{
  "install": {
    "doc": {
      "documentType": "Android Apps",
      "title": "Android Accessibility Suite"
    },
    "firstInstallationTime": "2019-03-15T05:33:43.898012Z",
    "deviceAttribute": {
      "deviceDisplayName": "Unknown Device"
    },
    "lastUpdateTime": "2019-03-18T16:53:19.530Z"
  }
},
{
  "install": {
    "doc": {
      "documentType": "Android Apps",
      "title": "Android Accessibility Suite"
    },
    "firstInstallationTime": "2019-03-15T03:03:47.299012Z",
    "deviceAttribute": {
      "deviceDisplayName": "Unknown Device"
    },
    "lastUpdateTime": "2019-03-15T05:20:59.986Z"
  }
},
{
  "install": {
    "doc": {
      "documentType": "Android Apps",
      "title": "Android Accessibility Suite"
    },
    "firstInstallationTime": "2019-03-11T23:24:00.109012Z",
    "deviceAttribute": {
      "deviceDisplayName": "Unknown Device"
    },
    "lastUpdateTime": "2019-03-13T07:38:33.736Z"
  }
},
{
  "install": {
    "doc": {
      "documentType": "Android Apps",
      "title": "Android Accessibility Suite"
    },
    "firstInstallationTime": "2019-03-09T23:39:55.625012Z",
    "deviceAttribute": {
      "model": "LG-K121",
      "carrier": "No carrier",
      "manufacturer": "LGE",
      "deviceDisplayName": "LGE LG-K121"
    },
    "lastUpdateTime": "2019-03-14T02:39:22.039Z"
  }
},
{
  "install": {
    "doc": {
      "documentType": "Android Apps",
      "title": "Android Accessibility Suite"
    },
    "firstInstallationTime": "2019-03-07T22:35:26.545012Z",
    "deviceAttribute": {
      "deviceDisplayName": "Unknown Device"
    },
    "lastUpdateTime": "2019-03-09T15:45:38.639Z"
  }
},
{
  "install": {
    "doc": {
      "documentType": "Android Apps",
      "title": "Android Accessibility Suite"
    },
    "firstInstallationTime": "2019-03-03T19:03:02.483006Z",
    "deviceAttribute": {
      "deviceDisplayName": "Unknown Device"
    },
    "lastUpdateTime": "2019-03-10T16:45:15.092Z"
  }
},
{
  "install": {
    "doc": {
      "documentType": "Android Apps",
      "title": "Google Play Movies \u0026 TV"
    },
    "firstInstallationTime": "2019-03-25T21:20:13.423022Z",
    "deviceAttribute": {
      "deviceDisplayName": "Unknown Device"
    },
    "lastUpdateTime": "2019-03-29T01:48:57.541Z"
  }
},
{
  "install": {
    "doc": {
      "documentType": "Android Apps",
      "title": "Google Play Movies \u0026 TV"
    },
    "firstInstallationTime": "2019-03-19T12:34:33.526012Z",
    "deviceAttribute": {
      "model": "SM-T280",
      "carrier": "No carrier",
      "manufacturer": "samsung",
      "deviceDisplayName": "samsung SM-T280"
    },
    "lastUpdateTime": "2019-03-19T16:02:39.622Z"
  }
},
{
  "install": {
    "doc": {
      "documentType": "Android Apps",
      "title": "Google Play Movies \u0026 TV"
    },
    "firstInstallationTime": "2019-03-18T23:51:13.852016Z",
    "deviceAttribute": {
      "model": "LG-K121",
      "carrier": "Koodo Mobile",
      "manufacturer": "LGE",
      "deviceDisplayName": "LGE LG-K121"
    },
    "lastUpdateTime": "2019-03-19T00:18:52.799Z"
  }
},
{
  "install": {
    "doc": {
      "documentType": "Android Apps",
      "title": "Google Play Movies \u0026 TV"
    },
    "firstInstallationTime": "2019-03-16T18:01:10.136012Z",
    "deviceAttribute": {
      "deviceDisplayName": "Unknown Device"
    },
    "lastUpdateTime": "2019-03-19T11:56:31.932Z"
  }
},
{
  "install": {
    "doc": {
      "documentType": "Android Apps",
      "title": "Google Play Movies \u0026 TV"
    },
    "firstInstallationTime": "2019-03-15T05:33:43.898016Z",
    "deviceAttribute": {
      "deviceDisplayName": "Unknown Device"
    },
    "lastUpdateTime": "2019-03-18T16:53:19.530Z"
  }
},
{
  "install": {
    "doc": {
      "documentType": "Android Apps",
      "title": "Google Play Movies \u0026 TV"
    },
    "firstInstallationTime": "2019-03-15T03:03:47.299016Z",
    "deviceAttribute": {
      "deviceDisplayName": "Unknown Device"
    },
    "lastUpdateTime": "2019-03-15T05:20:59.986Z"
  }
},
{
  "install": {
    "doc": {
      "documentType": "Android Apps",
      "title": "Google Play Movies \u0026 TV"
    },
    "firstInstallationTime": "2019-03-11T23:24:00.109016Z",
    "deviceAttribute": {
      "deviceDisplayName": "Unknown Device"
    },
    "lastUpdateTime": "2019-03-13T07:38:33.736Z"
  }
},
{
  "install": {
    "doc": {
      "documentType": "Android Apps",
      "title": "Google Play Movies \u0026 TV"
    },
    "firstInstallationTime": "2019-03-09T23:39:55.625016Z",
    "deviceAttribute": {
      "model": "LG-K121",
      "carrier": "No carrier",
      "manufacturer": "LGE",
      "deviceDisplayName": "LGE LG-K121"
    },
    "lastUpdateTime": "2019-03-14T02:39:22.039Z"
  }
},
{
  "install": {
    "doc": {
      "documentType": "Android Apps",
      "title": "Google Play Movies \u0026 TV"
    },
    "firstInstallationTime": "2019-03-07T22:35:26.545016Z",
    "deviceAttribute": {
      "deviceDisplayName": "Unknown Device"
    },
    "lastUpdateTime": "2019-03-09T15:45:38.639Z"
  }
},
{
  "install": {
    "doc": {
      "documentType": "Android Apps",
      "title": "Google Play Movies \u0026 TV"
    },
    "firstInstallationTime": "2019-03-03T19:03:02.483009Z",
    "deviceAttribute": {
      "deviceDisplayName": "Unknown Device"
    },
    "lastUpdateTime": "2019-03-10T16:45:15.092Z"
  }
},
{
  "install": {
    "doc": {
      "documentType": "Android Apps",
      "title": "Instagram"
    },
    "firstInstallationTime": "2019-03-25T21:20:13.423024Z",
    "deviceAttribute": {
      "deviceDisplayName": "Unknown Device"
    },
    "lastUpdateTime": "2019-03-29T01:48:57.541Z"
  }
},
{
  "install": {
    "doc": {
      "documentType": "Android Apps",
      "title": "com.lge.bnr"
    },
    "firstInstallationTime": "2019-03-25T21:20:13.423025Z",
    "deviceAttribute": {
      "deviceDisplayName": "Unknown Device"
    },
    "lastUpdateTime": "2019-03-29T01:48:57.541Z"
  }
},
{
  "install": {
    "doc": {
      "documentType": "Android Apps",
      "title": "com.lge.bnr"
    },
    "firstInstallationTime": "2019-03-18T23:51:13.852019Z",
    "deviceAttribute": {
      "model": "LG-K121",
      "carrier": "Koodo Mobile",
      "manufacturer": "LGE",
      "deviceDisplayName": "LGE LG-K121"
    },
    "lastUpdateTime": "2019-03-19T00:18:52.799Z"
  }
},
{
  "install": {
    "doc": {
      "documentType": "Android Apps",
      "title": "com.lge.bnr"
    },
    "firstInstallationTime": "2019-03-15T05:33:43.898019Z",
    "deviceAttribute": {
      "deviceDisplayName": "Unknown Device"
    },
    "lastUpdateTime": "2019-03-18T16:53:19.530Z"
  }
},
{
  "install": {
    "doc": {
      "documentType": "Android Apps",
      "title": "com.lge.bnr"
    },
    "firstInstallationTime": "2019-03-15T03:03:47.299019Z",
    "deviceAttribute": {
      "deviceDisplayName": "Unknown Device"
    },
    "lastUpdateTime": "2019-03-15T05:20:59.986Z"
  }
},
{
  "install": {
    "doc": {
      "documentType": "Android Apps",
      "title": "com.lge.bnr"
    },
    "firstInstallationTime": "2019-03-11T23:24:00.109019Z",
    "deviceAttribute": {
      "deviceDisplayName": "Unknown Device"
    },
    "lastUpdateTime": "2019-03-13T07:38:33.736Z"
  }
},
{
  "install": {
    "doc": {
      "documentType": "Android Apps",
      "title": "com.lge.bnr"
    },
    "firstInstallationTime": "2019-03-09T23:39:55.625019Z",
    "deviceAttribute": {
      "model": "LG-K121",
      "carrier": "No carrier",
      "manufacturer": "LGE",
      "deviceDisplayName": "LGE LG-K121"
    },
    "lastUpdateTime": "2019-03-14T02:39:22.039Z"
  }
},
{
  "install": {
    "doc": {
      "documentType": "Android Apps",
      "title": "com.lge.bnr"
    },
    "firstInstallationTime": "2019-03-07T22:35:26.545019Z",
    "deviceAttribute": {
      "deviceDisplayName": "Unknown Device"
    },
    "lastUpdateTime": "2019-03-09T15:45:38.639Z"
  }
},
{
  "install": {
    "doc": {
      "documentType": "Android Apps",
      "title": "com.samsung.SMT"
    },
    "firstInstallationTime": "2019-03-19T12:34:33.526015Z",
    "deviceAttribute": {
      "model": "SM-T280",
      "carrier": "No carrier",
      "manufacturer": "samsung",
      "deviceDisplayName": "samsung SM-T280"
    },
    "lastUpdateTime": "2019-03-19T16:02:39.622Z"
  }
},
{
  "install": {
    "doc": {
      "documentType": "Android Apps",
      "title": "com.samsung.SMT"
    },
    "firstInstallationTime": "2019-03-16T18:01:10.136015Z",
    "deviceAttribute": {
      "deviceDisplayName": "Unknown Device"
    },
    "lastUpdateTime": "2019-03-19T11:56:31.932Z"
  }
},
{
  "install": {
    "doc": {
      "documentType": "Android Apps",
      "title": "com.samsung.SMT"
    },
    "firstInstallationTime": "2019-03-03T19:03:02.483012Z",
    "deviceAttribute": {
      "deviceDisplayName": "Unknown Device"
    },
    "lastUpdateTime": "2019-03-10T16:45:15.092Z"
  }
},
{
  "install": {
    "doc": {
      "documentType": "Android Apps",
      "title": "com.samsung.android.app.memo"
    },
    "firstInstallationTime": "2019-03-19T12:34:33.526016Z",
    "deviceAttribute": {
      "model": "SM-T280",
      "carrier": "No carrier",
      "manufacturer": "samsung",
      "deviceDisplayName": "samsung SM-T280"
    },
    "lastUpdateTime": "2019-03-19T16:02:39.622Z"
  }
},
{
  "install": {
    "doc": {
      "documentType": "Android Apps",
      "title": "com.samsung.android.app.memo"
    },
    "firstInstallationTime": "2019-03-16T18:01:10.136016Z",
    "deviceAttribute": {
      "deviceDisplayName": "Unknown Device"
    },
    "lastUpdateTime": "2019-03-19T11:56:31.932Z"
  }
},
{
  "install": {
    "doc": {
      "documentType": "Android Apps",
      "title": "com.samsung.android.app.memo"
    },
    "firstInstallationTime": "2019-03-03T19:03:02.483013Z",
    "deviceAttribute": {
      "deviceDisplayName": "Unknown Device"
    },
    "lastUpdateTime": "2019-03-10T16:45:15.092Z"
  }
},
{
  "install": {
    "doc": {
      "documentType": "Android Apps",
      "title": "Samsung Email"
    },
    "firstInstallationTime": "2019-03-19T12:34:33.526017Z",
    "deviceAttribute": {
      "model": "SM-T280",
      "carrier": "No carrier",
      "manufacturer": "samsung",
      "deviceDisplayName": "samsung SM-T280"
    },
    "lastUpdateTime": "2019-03-19T16:02:39.622Z"
  }
},
{
  "install": {
    "doc": {
      "documentType": "Android Apps",
      "title": "Samsung Email"
    },
    "firstInstallationTime": "2019-03-16T18:01:10.136017Z",
    "deviceAttribute": {
      "deviceDisplayName": "Unknown Device"
    },
    "lastUpdateTime": "2019-03-19T11:56:31.932Z"
  }
},
{
  "install": {
    "doc": {
      "documentType": "Android Apps",
      "title": "Samsung Email"
    },
    "firstInstallationTime": "2019-03-03T19:03:02.483014Z",
    "deviceAttribute": {
      "deviceDisplayName": "Unknown Device"
    },
    "lastUpdateTime": "2019-03-10T16:45:15.092Z"
  }
},
{
  "install": {
    "doc": {
      "documentType": "Android Apps",
      "title": "com.samsung.android.video"
    },
    "firstInstallationTime": "2019-03-19T12:34:33.526018Z",
    "deviceAttribute": {
      "model": "SM-T280",
      "carrier": "No carrier",
      "manufacturer": "samsung",
      "deviceDisplayName": "samsung SM-T280"
    },
    "lastUpdateTime": "2019-03-19T16:02:39.622Z"
  }
},
{
  "install": {
    "doc": {
      "documentType": "Android Apps",
      "title": "com.samsung.android.video"
    },
    "firstInstallationTime": "2019-03-16T18:01:10.136018Z",
    "deviceAttribute": {
      "deviceDisplayName": "Unknown Device"
    },
    "lastUpdateTime": "2019-03-19T11:56:31.932Z"
  }
},
{
  "install": {
    "doc": {
      "documentType": "Android Apps",
      "title": "com.samsung.android.video"
    },
    "firstInstallationTime": "2019-03-03T19:03:02.483015Z",
    "deviceAttribute": {
      "deviceDisplayName": "Unknown Device"
    },
    "lastUpdateTime": "2019-03-10T16:45:15.092Z"
  }
},
{
  "install": {
    "doc": {
      "documentType": "Android Apps",
      "title": "com.sec.android.app.clockpackage"
    },
    "firstInstallationTime": "2019-03-19T12:34:33.526019Z",
    "deviceAttribute": {
      "model": "SM-T280",
      "carrier": "No carrier",
      "manufacturer": "samsung",
      "deviceDisplayName": "samsung SM-T280"
    },
    "lastUpdateTime": "2019-03-19T16:02:39.622Z"
  }
},
{
  "install": {
    "doc": {
      "documentType": "Android Apps",
      "title": "com.sec.android.app.clockpackage"
    },
    "firstInstallationTime": "2019-03-16T18:01:10.136019Z",
    "deviceAttribute": {
      "deviceDisplayName": "Unknown Device"
    },
    "lastUpdateTime": "2019-03-19T11:56:31.932Z"
  }
},
{
  "install": {
    "doc": {
      "documentType": "Android Apps",
      "title": "com.sec.android.app.clockpackage"
    },
    "firstInstallationTime": "2019-03-03T19:03:02.483016Z",
    "deviceAttribute": {
      "deviceDisplayName": "Unknown Device"
    },
    "lastUpdateTime": "2019-03-10T16:45:15.092Z"
  }
},
{
  "install": {
    "doc": {
      "documentType": "Android Apps",
      "title": "com.sec.android.app.launcher"
    },
    "firstInstallationTime": "2019-03-19T12:34:33.526020Z",
    "deviceAttribute": {
      "model": "SM-T280",
      "carrier": "No carrier",
      "manufacturer": "samsung",
      "deviceDisplayName": "samsung SM-T280"
    },
    "lastUpdateTime": "2019-03-19T16:02:39.622Z"
  }
},
{
  "install": {
    "doc": {
      "documentType": "Android Apps",
      "title": "com.sec.android.app.launcher"
    },
    "firstInstallationTime": "2019-03-16T18:01:10.136020Z",
    "deviceAttribute": {
      "deviceDisplayName": "Unknown Device"
    },
    "lastUpdateTime": "2019-03-19T11:56:31.932Z"
  }
},
{
  "install": {
    "doc": {
      "documentType": "Android Apps",
      "title": "com.sec.android.app.launcher"
    },
    "firstInstallationTime": "2019-03-03T19:03:02.483017Z",
    "deviceAttribute": {
      "deviceDisplayName": "Unknown Device"
    },
    "lastUpdateTime": "2019-03-10T16:45:15.092Z"
  }
},
{
  "install": {
    "doc": {
      "documentType": "Android Apps",
      "title": "Samsung Music"
    },
    "firstInstallationTime": "2019-03-19T12:34:33.526021Z",
    "deviceAttribute": {
      "model": "SM-T280",
      "carrier": "No carrier",
      "manufacturer": "samsung",
      "deviceDisplayName": "samsung SM-T280"
    },
    "lastUpdateTime": "2019-03-19T16:02:39.622Z"
  }
},
{
  "install": {
    "doc": {
      "documentType": "Android Apps",
      "title": "Samsung Music"
    },
    "firstInstallationTime": "2019-03-16T18:01:10.136021Z",
    "deviceAttribute": {
      "deviceDisplayName": "Unknown Device"
    },
    "lastUpdateTime": "2019-03-19T11:56:31.932Z"
  }
},
{
  "install": {
    "doc": {
      "documentType": "Android Apps",
      "title": "Samsung Music"
    },
    "firstInstallationTime": "2019-03-03T19:03:02.483018Z",
    "deviceAttribute": {
      "deviceDisplayName": "Unknown Device"
    },
    "lastUpdateTime": "2019-03-10T16:45:15.092Z"
  }
},
{
  "install": {
    "doc": {
      "documentType": "Android Apps",
      "title": "Samsung My Files"
    },
    "firstInstallationTime": "2019-03-19T12:34:33.526022Z",
    "deviceAttribute": {
      "model": "SM-T280",
      "carrier": "No carrier",
      "manufacturer": "samsung",
      "deviceDisplayName": "samsung SM-T280"
    },
    "lastUpdateTime": "2019-03-19T16:02:39.622Z"
  }
},
{
  "install": {
    "doc": {
      "documentType": "Android Apps",
      "title": "Samsung My Files"
    },
    "firstInstallationTime": "2019-03-16T18:01:10.136022Z",
    "deviceAttribute": {
      "deviceDisplayName": "Unknown Device"
    },
    "lastUpdateTime": "2019-03-19T11:56:31.932Z"
  }
},
{
  "install": {
    "doc": {
      "documentType": "Android Apps",
      "title": "Samsung My Files"
    },
    "firstInstallationTime": "2019-03-03T19:03:02.483019Z",
    "deviceAttribute": {
      "deviceDisplayName": "Unknown Device"
    },
    "lastUpdateTime": "2019-03-10T16:45:15.092Z"
  }
},
{
  "install": {
    "doc": {
      "documentType": "Android Apps",
      "title": "Samsung Calculator"
    },
    "firstInstallationTime": "2019-03-19T12:34:33.526023Z",
    "deviceAttribute": {
      "model": "SM-T280",
      "carrier": "No carrier",
      "manufacturer": "samsung",
      "deviceDisplayName": "samsung SM-T280"
    },
    "lastUpdateTime": "2019-03-19T16:02:39.622Z"
  }
},
{
  "install": {
    "doc": {
      "documentType": "Android Apps",
      "title": "Samsung Calculator"
    },
    "firstInstallationTime": "2019-03-16T18:01:10.136023Z",
    "deviceAttribute": {
      "deviceDisplayName": "Unknown Device"
    },
    "lastUpdateTime": "2019-03-19T11:56:31.932Z"
  }
},
{
  "install": {
    "doc": {
      "documentType": "Android Apps",
      "title": "Samsung Calculator"
    },
    "firstInstallationTime": "2019-03-03T19:03:02.483020Z",
    "deviceAttribute": {
      "deviceDisplayName": "Unknown Device"
    },
    "lastUpdateTime": "2019-03-10T16:45:15.092Z"
  }
},
{
  "install": {
    "doc": {
      "documentType": "Android Apps",
      "title": "Samsung Gallery"
    },
    "firstInstallationTime": "2019-03-19T12:34:33.526024Z",
    "deviceAttribute": {
      "model": "SM-T280",
      "carrier": "No carrier",
      "manufacturer": "samsung",
      "deviceDisplayName": "samsung SM-T280"
    },
    "lastUpdateTime": "2019-03-19T16:02:39.622Z"
  }
},
{
  "install": {
    "doc": {
      "documentType": "Android Apps",
      "title": "Samsung Gallery"
    },
    "firstInstallationTime": "2019-03-16T18:01:10.136024Z",
    "deviceAttribute": {
      "deviceDisplayName": "Unknown Device"
    },
    "lastUpdateTime": "2019-03-19T11:56:31.932Z"
  }
},
{
  "install": {
    "doc": {
      "documentType": "Android Apps",
      "title": "Samsung Gallery"
    },
    "firstInstallationTime": "2019-03-03T19:03:02.483021Z",
    "deviceAttribute": {
      "deviceDisplayName": "Unknown Device"
    },
    "lastUpdateTime": "2019-03-10T16:45:15.092Z"
  }
},
{
  "install": {
    "doc": {
      "documentType": "Android Apps",
      "title": "Samsung Keyboard"
    },
    "firstInstallationTime": "2019-03-19T12:34:33.526025Z",
    "deviceAttribute": {
      "model": "SM-T280",
      "carrier": "No carrier",
      "manufacturer": "samsung",
      "deviceDisplayName": "samsung SM-T280"
    },
    "lastUpdateTime": "2019-03-19T16:02:39.622Z"
  }
},
{
  "install": {
    "doc": {
      "documentType": "Android Apps",
      "title": "Samsung Keyboard"
    },
    "firstInstallationTime": "2019-03-16T18:01:10.136025Z",
    "deviceAttribute": {
      "deviceDisplayName": "Unknown Device"
    },
    "lastUpdateTime": "2019-03-19T11:56:31.932Z"
  }
},
{
  "install": {
    "doc": {
      "documentType": "Android Apps",
      "title": "Samsung Keyboard"
    },
    "firstInstallationTime": "2019-03-03T19:03:02.483022Z",
    "deviceAttribute": {
      "deviceDisplayName": "Unknown Device"
    },
    "lastUpdateTime": "2019-03-10T16:45:15.092Z"
  }
},
{
  "install": {
    "doc": {
      "documentType": "Android Apps",
      "title": "com.visionobjects.resourcemanager"
    },
    "firstInstallationTime": "2019-03-19T12:34:33.526027Z",
    "deviceAttribute": {
      "model": "SM-T280",
      "carrier": "No carrier",
      "manufacturer": "samsung",
      "deviceDisplayName": "samsung SM-T280"
    },
    "lastUpdateTime": "2019-03-19T16:02:39.622Z"
  }
},
{
  "install": {
    "doc": {
      "documentType": "Android Apps",
      "title": "com.visionobjects.resourcemanager"
    },
    "firstInstallationTime": "2019-03-16T18:01:10.136027Z",
    "deviceAttribute": {
      "deviceDisplayName": "Unknown Device"
    },
    "lastUpdateTime": "2019-03-19T11:56:31.932Z"
  }
},
{
  "install": {
    "doc": {
      "documentType": "Android Apps",
      "title": "com.visionobjects.resourcemanager"
    },
    "firstInstallationTime": "2019-03-03T19:03:02.483024Z",
    "deviceAttribute": {
      "deviceDisplayName": "Unknown Device"
    },
    "lastUpdateTime": "2019-03-10T16:45:15.092Z"
  }
},
{
  "install": {
    "doc": {
      "documentType": "Android Apps",
      "title": "Google Text-to-Speech"
    },
    "firstInstallationTime": "2019-03-19T12:34:33.526011Z",
    "deviceAttribute": {
      "model": "SM-T280",
      "carrier": "No carrier",
      "manufacturer": "samsung",
      "deviceDisplayName": "samsung SM-T280"
    },
    "lastUpdateTime": "2019-03-19T14:14:09.375Z"
  }
},
{
  "install": {
    "doc": {
      "documentType": "Android Apps",
      "title": "Google Text-to-Speech"
    },
    "firstInstallationTime": "2019-03-15T05:33:43.898015Z",
    "deviceAttribute": {
      "deviceDisplayName": "Unknown Device"
    },
    "lastUpdateTime": "2019-03-16T22:01:55.504Z"
  }
},
{
  "install": {
    "doc": {
      "documentType": "Android Apps",
      "title": "Google Text-to-Speech"
    },
    "firstInstallationTime": "2019-03-16T18:01:10.136011Z",
    "deviceAttribute": {
      "deviceDisplayName": "Unknown Device"
    },
    "lastUpdateTime": "2019-03-16T19:10:11.420Z"
  }
},
{
  "install": {
    "doc": {
      "documentType": "Android Apps",
      "title": "Google Text-to-Speech"
    },
    "firstInstallationTime": "2019-03-09T23:39:55.625015Z",
    "deviceAttribute": {
      "model": "LG-K121",
      "carrier": "No carrier",
      "manufacturer": "LGE",
      "deviceDisplayName": "LGE LG-K121"
    },
    "lastUpdateTime": "2019-03-10T01:02:25.997Z"
  }
},
{
  "install": {
    "doc": {
      "documentType": "Android Apps",
      "title": "Google Text-to-Speech"
    },
    "firstInstallationTime": "2019-03-07T22:35:26.545015Z",
    "deviceAttribute": {
      "deviceDisplayName": "Unknown Device"
    },
    "lastUpdateTime": "2019-03-07T23:16:12.057Z"
  }
},
{
  "install": {
    "doc": {
      "documentType": "Android Apps",
      "title": "Google Text-to-Speech"
    },
    "firstInstallationTime": "2019-03-25T21:20:13.423021Z",
    "deviceAttribute": {
      "deviceDisplayName": "Unknown Device"
    },
    "lastUpdateTime": "2019-03-29T01:48:57.541Z"
  }
},
{
  "install": {
    "doc": {
      "documentType": "Android Apps",
      "title": "Google Text-to-Speech"
    },
    "firstInstallationTime": "2019-03-18T23:51:13.852015Z",
    "deviceAttribute": {
      "model": "LG-K121",
      "carrier": "Koodo Mobile",
      "manufacturer": "LGE",
      "deviceDisplayName": "LGE LG-K121"
    },
    "lastUpdateTime": "2019-03-19T00:18:52.799Z"
  }
},
{
  "install": {
    "doc": {
      "documentType": "Android Apps",
      "title": "Google Text-to-Speech"
    },
    "firstInstallationTime": "2019-03-15T03:03:47.299015Z",
    "deviceAttribute": {
      "deviceDisplayName": "Unknown Device"
    },
    "lastUpdateTime": "2019-03-15T05:20:59.986Z"
  }
},
{
  "install": {
    "doc": {
      "documentType": "Android Apps",
      "title": "Google Text-to-Speech"
    },
    "firstInstallationTime": "2019-03-11T23:24:00.109015Z",
    "deviceAttribute": {
      "deviceDisplayName": "Unknown Device"
    },
    "lastUpdateTime": "2019-03-13T07:38:33.736Z"
  }
},
{
  "install": {
    "doc": {
      "documentType": "Android Apps",
      "title": "Google Text-to-Speech"
    },
    "firstInstallationTime": "2019-03-03T19:03:02.483008Z",
    "deviceAttribute": {
      "deviceDisplayName": "Unknown Device"
    },
    "lastUpdateTime": "2019-03-10T16:45:15.092Z"
  }
},
{
  "install": {
    "doc": {
      "documentType": "Android Apps",
      "title": "Google Play services"
    },
    "firstInstallationTime": "2019-03-25T21:20:13.423Z",
    "deviceAttribute": {
      "deviceDisplayName": "Unknown Device"
    },
    "lastUpdateTime": "2019-03-25T21:20:13.423Z"
  }
},
{
  "install": {
    "doc": {
      "documentType": "Android Apps",
      "title": "Google Play services"
    },
    "firstInstallationTime": "2019-03-19T12:34:33.526006Z",
    "deviceAttribute": {
      "model": "SM-T280",
      "carrier": "No carrier",
      "manufacturer": "samsung",
      "deviceDisplayName": "samsung SM-T280"
    },
    "lastUpdateTime": "2019-03-19T12:53:07.087Z"
  }
},
{
  "install": {
    "doc": {
      "documentType": "Android Apps",
      "title": "Google Play services"
    },
    "firstInstallationTime": "2019-03-18T23:51:13.852009Z",
    "deviceAttribute": {
      "model": "LG-K121",
      "carrier": "Koodo Mobile",
      "manufacturer": "LGE",
      "deviceDisplayName": "LGE LG-K121"
    },
    "lastUpdateTime": "2019-03-19T00:03:31.657Z"
  }
},
{
  "install": {
    "doc": {
      "documentType": "Android Apps",
      "title": "Google Play services"
    },
    "firstInstallationTime": "2019-03-15T05:33:43.898009Z",
    "deviceAttribute": {
      "deviceDisplayName": "Unknown Device"
    },
    "lastUpdateTime": "2019-03-18T16:53:19.530Z"
  }
},
{
  "install": {
    "doc": {
      "documentType": "Android Apps",
      "title": "Google Play services"
    },
    "firstInstallationTime": "2019-03-16T18:01:10.136006Z",
    "deviceAttribute": {
      "deviceDisplayName": "Unknown Device"
    },
    "lastUpdateTime": "2019-03-16T18:18:13.074Z"
  }
},
{
  "install": {
    "doc": {
      "documentType": "Android Apps",
      "title": "Google Play services"
    },
    "firstInstallationTime": "2019-03-11T23:24:00.109009Z",
    "deviceAttribute": {
      "deviceDisplayName": "Unknown Device"
    },
    "lastUpdateTime": "2019-03-11T23:30:15.650Z"
  }
},
{
  "install": {
    "doc": {
      "documentType": "Android Apps",
      "title": "Google Play services"
    },
    "firstInstallationTime": "2019-03-09T23:39:55.625009Z",
    "deviceAttribute": {
      "model": "LG-K121",
      "carrier": "No carrier",
      "manufacturer": "LGE",
      "deviceDisplayName": "LGE LG-K121"
    },
    "lastUpdateTime": "2019-03-09T23:49:48.667Z"
  }
},
{
  "install": {
    "doc": {
      "documentType": "Android Apps",
      "title": "Google Play services"
    },
    "firstInstallationTime": "2019-03-07T22:35:26.545009Z",
    "deviceAttribute": {
      "deviceDisplayName": "Unknown Device"
    },
    "lastUpdateTime": "2019-03-07T22:48:11.493Z"
  }
},
{
  "install": {
    "doc": {
      "documentType": "Android Apps",
      "title": "Google Play services"
    },
    "firstInstallationTime": "2019-03-15T03:03:47.299009Z",
    "deviceAttribute": {
      "deviceDisplayName": "Unknown Device"
    },
    "lastUpdateTime": "2019-03-15T05:20:59.986Z"
  }
},
{
  "install": {
    "doc": {
      "documentType": "Android Apps",
      "title": "Google Play services"
    },
    "firstInstallationTime": "2019-03-03T19:03:02.483005Z",
    "deviceAttribute": {
      "deviceDisplayName": "Unknown Device"
    },
    "lastUpdateTime": "2019-03-10T16:45:15.092Z"
  }
},
{
  "install": {
    "doc": {
      "documentType": "Android Apps",
      "title": "Facebook"
    },
    "firstInstallationTime": "2019-03-19T13:30:46.117Z",
    "deviceAttribute": {
      "model": "SM-T280",
      "carrier": "No carrier",
      "manufacturer": "samsung",
      "deviceDisplayName": "samsung SM-T280"
    },
    "lastUpdateTime": "2019-03-19T14:33:20.505Z"
  }
},
{
  "install": {
    "doc": {
      "documentType": "Android Apps",
      "title": "Facebook"
    },
    "firstInstallationTime": "2019-03-16T18:21:18.475Z",
    "deviceAttribute": {
      "deviceDisplayName": "Unknown Device"
    },
    "lastUpdateTime": "2019-03-16T18:21:18.475Z"
  }
},
{
  "install": {
    "doc": {
      "documentType": "Android Apps",
      "title": "Facebook"
    },
    "firstInstallationTime": "2019-03-09T14:03:30.819Z",
    "deviceAttribute": {
      "deviceDisplayName": "Unknown Device"
    },
    "lastUpdateTime": "2019-03-10T03:31:33.842Z"
  }
},
{
  "install": {
    "doc": {
      "documentType": "Android Apps",
      "title": "Facebook"
    },
    "firstInstallationTime": "2019-03-07T22:48:11.493Z",
    "deviceAttribute": {
      "deviceDisplayName": "Unknown Device"
    },
    "lastUpdateTime": "2019-03-07T22:48:11.493Z"
  }
},
{
  "install": {
    "doc": {
      "documentType": "Android Apps",
      "title": "Facebook"
    },
    "firstInstallationTime": "2019-03-25T21:20:13.423002Z",
    "deviceAttribute": {
      "deviceDisplayName": "Unknown Device"
    },
    "lastUpdateTime": "2019-03-29T01:48:57.541Z"
  }
},
{
  "install": {
    "doc": {
      "documentType": "Android Apps",
      "title": "Hangouts"
    },
    "firstInstallationTime": "2019-03-09T23:39:55.625014Z",
    "deviceAttribute": {
      "model": "LG-K121",
      "carrier": "No carrier",
      "manufacturer": "LGE",
      "deviceDisplayName": "LGE LG-K121"
    },
    "lastUpdateTime": "2019-03-10T00:54:50.719Z"
  }
},
{
  "install": {
    "doc": {
      "documentType": "Android Apps",
      "title": "Hangouts"
    },
    "firstInstallationTime": "2019-03-18T23:51:13.852014Z",
    "deviceAttribute": {
      "model": "LG-K121",
      "carrier": "Koodo Mobile",
      "manufacturer": "LGE",
      "deviceDisplayName": "LGE LG-K121"
    },
    "lastUpdateTime": "2019-03-19T00:18:52.799Z"
  }
},
{
  "install": {
    "doc": {
      "documentType": "Android Apps",
      "title": "Hangouts"
    },
    "firstInstallationTime": "2019-03-15T03:03:47.299014Z",
    "deviceAttribute": {
      "deviceDisplayName": "Unknown Device"
    },
    "lastUpdateTime": "2019-03-15T05:20:59.986Z"
  }
},
{
  "install": {
    "doc": {
      "documentType": "Android Apps",
      "title": "Hangouts"
    },
    "firstInstallationTime": "2019-03-11T23:24:00.109014Z",
    "deviceAttribute": {
      "deviceDisplayName": "Unknown Device"
    },
    "lastUpdateTime": "2019-03-13T07:38:33.736Z"
  }
},
{
  "install": {
    "doc": {
      "documentType": "Android Apps",
      "title": "Hangouts"
    },
    "firstInstallationTime": "2019-03-03T19:03:02.483007Z",
    "deviceAttribute": {
      "deviceDisplayName": "Unknown Device"
    },
    "lastUpdateTime": "2019-03-10T16:45:15.092Z"
  }
},
{
  "install": {
    "doc": {
      "documentType": "Android Apps",
      "title": "Google Photos"
    },
    "firstInstallationTime": "2019-03-19T12:34:33.526004Z",
    "deviceAttribute": {
      "model": "SM-T280",
      "carrier": "No carrier",
      "manufacturer": "samsung",
      "deviceDisplayName": "samsung SM-T280"
    },
    "lastUpdateTime": "2019-03-19T14:33:20.505Z"
  }
},
{
  "install": {
    "doc": {
      "documentType": "Android Apps",
      "title": "Google Photos"
    },
    "firstInstallationTime": "2019-03-16T18:01:10.136004Z",
    "deviceAttribute": {
      "deviceDisplayName": "Unknown Device"
    },
    "lastUpdateTime": "2019-03-16T19:00:17.014Z"
  }
},
{
  "install": {
    "doc": {
      "documentType": "Android Apps",
      "title": "Google Photos"
    },
    "firstInstallationTime": "2019-03-15T05:33:43.898007Z",
    "deviceAttribute": {
      "deviceDisplayName": "Unknown Device"
    },
    "lastUpdateTime": "2019-03-16T18:59:46.817Z"
  }
},
{
  "install": {
    "doc": {
      "documentType": "Android Apps",
      "title": "Google Photos"
    },
    "firstInstallationTime": "2019-03-09T23:39:55.625007Z",
    "deviceAttribute": {
      "model": "LG-K121",
      "carrier": "No carrier",
      "manufacturer": "LGE",
      "deviceDisplayName": "LGE LG-K121"
    },
    "lastUpdateTime": "2019-03-10T00:59:05.439Z"
  }
},
{
  "install": {
    "doc": {
      "documentType": "Android Apps",
      "title": "Google Photos"
    },
    "firstInstallationTime": "2019-03-07T22:35:26.545007Z",
    "deviceAttribute": {
      "deviceDisplayName": "Unknown Device"
    },
    "lastUpdateTime": "2019-03-07T23:09:18.908Z"
  }
},
{
  "install": {
    "doc": {
      "documentType": "Android Apps",
      "title": "Google Photos"
    },
    "firstInstallationTime": "2019-03-25T21:20:13.423010Z",
    "deviceAttribute": {
      "deviceDisplayName": "Unknown Device"
    },
    "lastUpdateTime": "2019-03-29T01:48:57.541Z"
  }
},
{
  "install": {
    "doc": {
      "documentType": "Android Apps",
      "title": "Google Photos"
    },
    "firstInstallationTime": "2019-03-18T23:51:13.852007Z",
    "deviceAttribute": {
      "model": "LG-K121",
      "carrier": "Koodo Mobile",
      "manufacturer": "LGE",
      "deviceDisplayName": "LGE LG-K121"
    },
    "lastUpdateTime": "2019-03-19T00:18:52.799Z"
  }
},
{
  "install": {
    "doc": {
      "documentType": "Android Apps",
      "title": "Google Photos"
    },
    "firstInstallationTime": "2019-03-15T03:03:47.299007Z",
    "deviceAttribute": {
      "deviceDisplayName": "Unknown Device"
    },
    "lastUpdateTime": "2019-03-15T05:20:59.986Z"
  }
},
{
  "install": {
    "doc": {
      "documentType": "Android Apps",
      "title": "Google Photos"
    },
    "firstInstallationTime": "2019-03-11T23:24:00.109007Z",
    "deviceAttribute": {
      "deviceDisplayName": "Unknown Device"
    },
    "lastUpdateTime": "2019-03-13T07:38:33.736Z"
  }
},
{
  "install": {
    "doc": {
      "documentType": "Android Apps",
      "title": "Google Photos"
    },
    "firstInstallationTime": "2019-03-03T19:03:02.483003Z",
    "deviceAttribute": {
      "deviceDisplayName": "Unknown Device"
    },
    "lastUpdateTime": "2019-03-10T16:45:15.092Z"
  }
},
{
  "install": {
    "doc": {
      "documentType": "Android Apps",
      "title": "Google Play Music"
    },
    "firstInstallationTime": "2019-03-19T12:34:33.526009Z",
    "deviceAttribute": {
      "model": "SM-T280",
      "carrier": "No carrier",
      "manufacturer": "samsung",
      "deviceDisplayName": "samsung SM-T280"
    },
    "lastUpdateTime": "2019-03-19T14:14:09.375Z"
  }
},
{
  "install": {
    "doc": {
      "documentType": "Android Apps",
      "title": "Google Play Music"
    },
    "firstInstallationTime": "2019-03-15T05:33:43.898013Z",
    "deviceAttribute": {
      "deviceDisplayName": "Unknown Device"
    },
    "lastUpdateTime": "2019-03-16T21:55:35.278Z"
  }
},
{
  "install": {
    "doc": {
      "documentType": "Android Apps",
      "title": "Google Play Music"
    },
    "firstInstallationTime": "2019-03-16T18:01:10.136009Z",
    "deviceAttribute": {
      "deviceDisplayName": "Unknown Device"
    },
    "lastUpdateTime": "2019-03-16T19:10:11.420Z"
  }
},
{
  "install": {
    "doc": {
      "documentType": "Android Apps",
      "title": "Google Play Music"
    },
    "firstInstallationTime": "2019-03-09T23:39:55.625013Z",
    "deviceAttribute": {
      "model": "LG-K121",
      "carrier": "No carrier",
      "manufacturer": "LGE",
      "deviceDisplayName": "LGE LG-K121"
    },
    "lastUpdateTime": "2019-03-10T01:01:14.726Z"
  }
},
{
  "install": {
    "doc": {
      "documentType": "Android Apps",
      "title": "Google Play Music"
    },
    "firstInstallationTime": "2019-03-25T21:20:13.423020Z",
    "deviceAttribute": {
      "deviceDisplayName": "Unknown Device"
    },
    "lastUpdateTime": "2019-03-29T01:48:57.541Z"
  }
},
{
  "install": {
    "doc": {
      "documentType": "Android Apps",
      "title": "Google Play Music"
    },
    "firstInstallationTime": "2019-03-18T23:51:13.852013Z",
    "deviceAttribute": {
      "model": "LG-K121",
      "carrier": "Koodo Mobile",
      "manufacturer": "LGE",
      "deviceDisplayName": "LGE LG-K121"
    },
    "lastUpdateTime": "2019-03-19T00:18:52.799Z"
  }
},
{
  "install": {
    "doc": {
      "documentType": "Android Apps",
      "title": "Google Play Music"
    },
    "firstInstallationTime": "2019-03-15T03:03:47.299013Z",
    "deviceAttribute": {
      "deviceDisplayName": "Unknown Device"
    },
    "lastUpdateTime": "2019-03-15T05:20:59.986Z"
  }
},
{
  "install": {
    "doc": {
      "documentType": "Android Apps",
      "title": "Google Play Music"
    },
    "firstInstallationTime": "2019-03-11T23:24:00.109013Z",
    "deviceAttribute": {
      "deviceDisplayName": "Unknown Device"
    },
    "lastUpdateTime": "2019-03-13T07:38:33.736Z"
  }
},
{
  "install": {
    "doc": {
      "documentType": "Android Apps",
      "title": "Instant Apps"
    },
    "firstInstallationTime": "2019-03-19T14:14:09.375001Z",
    "deviceAttribute": {
      "model": "SM-T280",
      "carrier": "No carrier",
      "manufacturer": "samsung",
      "deviceDisplayName": "samsung SM-T280"
    },
    "lastUpdateTime": "2019-03-19T14:14:09.375Z"
  }
},
{
  "install": {
    "doc": {
      "documentType": "Android Apps",
      "title": "Instant Apps"
    },
    "firstInstallationTime": "2019-03-16T18:25:37.428001Z",
    "deviceAttribute": {
      "deviceDisplayName": "Unknown Device"
    },
    "lastUpdateTime": "2019-03-19T02:08:24.584Z"
  }
},
{
  "install": {
    "doc": {
      "documentType": "Android Apps",
      "title": "Instant Apps"
    },
    "firstInstallationTime": "2019-03-13T07:38:33.736Z",
    "deviceAttribute": {
      "deviceDisplayName": "Unknown Device"
    },
    "lastUpdateTime": "2019-03-13T07:38:33.736Z"
  }
},
{
  "install": {
    "doc": {
      "documentType": "Android Apps",
      "title": "Instant Apps"
    },
    "firstInstallationTime": "2019-03-10T00:41:36.560Z",
    "deviceAttribute": {
      "model": "LG-K121",
      "carrier": "No carrier",
      "manufacturer": "LGE",
      "deviceDisplayName": "LGE LG-K121"
    },
    "lastUpdateTime": "2019-03-10T00:41:36.560Z"
  }
},
{
  "install": {
    "doc": {
      "documentType": "Android Apps",
      "title": "Messenger – Text and Video Chat for Free"
    },
    "firstInstallationTime": "2019-03-19T14:03:14.050Z",
    "deviceAttribute": {
      "model": "SM-T280",
      "carrier": "No carrier",
      "manufacturer": "samsung",
      "deviceDisplayName": "samsung SM-T280"
    },
    "lastUpdateTime": "2019-03-19T14:03:14.050Z"
  }
},
{
  "install": {
    "doc": {
      "documentType": "Android Apps",
      "title": "Messenger – Text and Video Chat for Free"
    },
    "firstInstallationTime": "2019-03-09T14:03:30.819001Z",
    "deviceAttribute": {
      "deviceDisplayName": "Unknown Device"
    },
    "lastUpdateTime": "2019-03-10T16:45:15.092Z"
  }
},
{
  "install": {
    "doc": {
      "documentType": "Android Apps",
      "title": "Messenger – Text and Video Chat for Free"
    },
    "firstInstallationTime": "2019-03-07T23:12:32.487Z",
    "deviceAttribute": {
      "deviceDisplayName": "Unknown Device"
    },
    "lastUpdateTime": "2019-03-07T23:12:32.487Z"
  }
},
{
  "install": {
    "doc": {
      "documentType": "Android Apps",
      "title": "Google Chrome: Fast \u0026 Secure"
    },
    "firstInstallationTime": "2019-03-19T12:34:33.526Z",
    "deviceAttribute": {
      "model": "SM-T280",
      "carrier": "No carrier",
      "manufacturer": "samsung",
      "deviceDisplayName": "samsung SM-T280"
    },
    "lastUpdateTime": "2019-03-19T14:33:20.505Z"
  }
},
{
  "install": {
    "doc": {
      "documentType": "Android Apps",
      "title": "Google Chrome: Fast \u0026 Secure"
    },
    "firstInstallationTime": "2019-03-18T23:51:13.852Z",
    "deviceAttribute": {
      "model": "LG-K121",
      "carrier": "Koodo Mobile",
      "manufacturer": "LGE",
      "deviceDisplayName": "LGE LG-K121"
    },
    "lastUpdateTime": "2019-03-19T00:08:29.710Z"
  }
},
{
  "install": {
    "doc": {
      "documentType": "Android Apps",
      "title": "Google Chrome: Fast \u0026 Secure"
    },
    "firstInstallationTime": "2019-03-09T23:39:55.625Z",
    "deviceAttribute": {
      "model": "LG-K121",
      "carrier": "No carrier",
      "manufacturer": "LGE",
      "deviceDisplayName": "LGE LG-K121"
    },
    "lastUpdateTime": "2019-03-09T23:51:48.866Z"
  }
},
{
  "install": {
    "doc": {
      "documentType": "Android Apps",
      "title": "Google Chrome: Fast \u0026 Secure"
    },
    "firstInstallationTime": "2019-03-11T23:24:00.109Z",
    "deviceAttribute": {
      "deviceDisplayName": "Unknown Device"
    },
    "lastUpdateTime": "2019-03-13T07:38:33.736Z"
  }
},
{
  "install": {
    "doc": {
      "documentType": "Android Apps",
      "title": "Google Drive"
    },
    "firstInstallationTime": "2019-03-25T21:20:13.423004Z",
    "deviceAttribute": {
      "deviceDisplayName": "Unknown Device"
    },
    "lastUpdateTime": "2019-03-29T01:48:27.070Z"
  }
},
{
  "install": {
    "doc": {
      "documentType": "Android Apps",
      "title": "Google Drive"
    },
    "firstInstallationTime": "2019-03-19T12:34:33.526002Z",
    "deviceAttribute": {
      "model": "SM-T280",
      "carrier": "No carrier",
      "manufacturer": "samsung",
      "deviceDisplayName": "samsung SM-T280"
    },
    "lastUpdateTime": "2019-03-19T12:46:05.041Z"
  }
},
{
  "install": {
    "doc": {
      "documentType": "Android Apps",
      "title": "Google Drive"
    },
    "firstInstallationTime": "2019-03-18T23:51:13.852002Z",
    "deviceAttribute": {
      "model": "LG-K121",
      "carrier": "Koodo Mobile",
      "manufacturer": "LGE",
      "deviceDisplayName": "LGE LG-K121"
    },
    "lastUpdateTime": "2019-03-19T00:18:52.799Z"
  }
},
{
  "install": {
    "doc": {
      "documentType": "Android Apps",
      "title": "Google Drive"
    },
    "firstInstallationTime": "2019-03-16T18:01:10.136002Z",
    "deviceAttribute": {
      "deviceDisplayName": "Unknown Device"
    },
    "lastUpdateTime": "2019-03-16T19:07:46.594Z"
  }
},
{
  "install": {
    "doc": {
      "documentType": "Android Apps",
      "title": "Google Drive"
    },
    "firstInstallationTime": "2019-03-15T05:33:43.898002Z",
    "deviceAttribute": {
      "deviceDisplayName": "Unknown Device"
    },
    "lastUpdateTime": "2019-03-15T06:21:32.660Z"
  }
},
{
  "install": {
    "doc": {
      "documentType": "Android Apps",
      "title": "Google Drive"
    },
    "firstInstallationTime": "2019-03-09T23:39:55.625002Z",
    "deviceAttribute": {
      "model": "LG-K121",
      "carrier": "No carrier",
      "manufacturer": "LGE",
      "deviceDisplayName": "LGE LG-K121"
    },
    "lastUpdateTime": "2019-03-09T23:53:26.204Z"
  }
},
{
  "install": {
    "doc": {
      "documentType": "Android Apps",
      "title": "Google Drive"
    },
    "firstInstallationTime": "2019-03-07T22:35:26.545002Z",
    "deviceAttribute": {
      "deviceDisplayName": "Unknown Device"
    },
    "lastUpdateTime": "2019-03-07T23:12:32.487Z"
  }
},
{
  "install": {
    "doc": {
      "documentType": "Android Apps",
      "title": "Google Drive"
    },
    "firstInstallationTime": "2019-03-15T03:03:47.299002Z",
    "deviceAttribute": {
      "deviceDisplayName": "Unknown Device"
    },
    "lastUpdateTime": "2019-03-15T05:20:59.986Z"
  }
},
{
  "install": {
    "doc": {
      "documentType": "Android Apps",
      "title": "Google Drive"
    },
    "firstInstallationTime": "2019-03-11T23:24:00.109002Z",
    "deviceAttribute": {
      "deviceDisplayName": "Unknown Device"
    },
    "lastUpdateTime": "2019-03-13T07:38:33.736Z"
  }
},
{
  "install": {
    "doc": {
      "documentType": "Android Apps",
      "title": "Google Drive"
    },
    "firstInstallationTime": "2019-03-03T19:03:02.483001Z",
    "deviceAttribute": {
      "deviceDisplayName": "Unknown Device"
    },
    "lastUpdateTime": "2019-03-10T16:45:15.092Z"
  }
},
{
  "install": {
    "doc": {
      "documentType": "Android Apps",
      "title": "Gmail"
    },
    "firstInstallationTime": "2019-03-19T12:34:33.526005Z",
    "deviceAttribute": {
      "model": "SM-T280",
      "carrier": "No carrier",
      "manufacturer": "samsung",
      "deviceDisplayName": "samsung SM-T280"
    },
    "lastUpdateTime": "2019-03-19T13:00:02.735Z"
  }
},
{
  "install": {
    "doc": {
      "documentType": "Android Apps",
      "title": "Gmail"
    },
    "firstInstallationTime": "2019-03-18T23:51:13.852008Z",
    "deviceAttribute": {
      "model": "LG-K121",
      "carrier": "Koodo Mobile",
      "manufacturer": "LGE",
      "deviceDisplayName": "LGE LG-K121"
    },
    "lastUpdateTime": "2019-03-19T00:08:29.710Z"
  }
},
{
  "install": {
    "doc": {
      "documentType": "Android Apps",
      "title": "Gmail"
    },
    "firstInstallationTime": "2019-03-15T05:33:43.898008Z",
    "deviceAttribute": {
      "deviceDisplayName": "Unknown Device"
    },
    "lastUpdateTime": "2019-03-15T06:21:32.660Z"
  }
},
{
  "install": {
    "doc": {
      "documentType": "Android Apps",
      "title": "Gmail"
    },
    "firstInstallationTime": "2019-03-09T23:39:55.625008Z",
    "deviceAttribute": {
      "model": "LG-K121",
      "carrier": "No carrier",
      "manufacturer": "LGE",
      "deviceDisplayName": "LGE LG-K121"
    },
    "lastUpdateTime": "2019-03-10T00:34:16.399Z"
  }
},
{
  "install": {
    "doc": {
      "documentType": "Android Apps",
      "title": "Gmail"
    },
    "firstInstallationTime": "2019-03-07T22:35:26.545008Z",
    "deviceAttribute": {
      "deviceDisplayName": "Unknown Device"
    },
    "lastUpdateTime": "2019-03-07T23:16:12.057Z"
  }
},
{
  "install": {
    "doc": {
      "documentType": "Android Apps",
      "title": "Gmail"
    },
    "firstInstallationTime": "2019-03-25T21:20:13.423014Z",
    "deviceAttribute": {
      "deviceDisplayName": "Unknown Device"
    },
    "lastUpdateTime": "2019-03-29T01:48:57.541Z"
  }
},
{
  "install": {
    "doc": {
      "documentType": "Android Apps",
      "title": "Gmail"
    },
    "firstInstallationTime": "2019-03-16T18:01:10.136005Z",
    "deviceAttribute": {
      "deviceDisplayName": "Unknown Device"
    },
    "lastUpdateTime": "2019-03-19T11:56:31.932Z"
  }
},
{
  "install": {
    "doc": {
      "documentType": "Android Apps",
      "title": "Gmail"
    },
    "firstInstallationTime": "2019-03-15T03:03:47.299008Z",
    "deviceAttribute": {
      "deviceDisplayName": "Unknown Device"
    },
    "lastUpdateTime": "2019-03-15T05:20:59.986Z"
  }
},
{
  "install": {
    "doc": {
      "documentType": "Android Apps",
      "title": "Gmail"
    },
    "firstInstallationTime": "2019-03-11T23:24:00.109008Z",
    "deviceAttribute": {
      "deviceDisplayName": "Unknown Device"
    },
    "lastUpdateTime": "2019-03-13T07:38:33.736Z"
  }
},
{
  "install": {
    "doc": {
      "documentType": "Android Apps",
      "title": "Gmail"
    },
    "firstInstallationTime": "2019-03-03T19:03:02.483004Z",
    "deviceAttribute": {
      "deviceDisplayName": "Unknown Device"
    },
    "lastUpdateTime": "2019-03-10T16:45:15.092Z"
  }
},
{
  "install": {
    "doc": {
      "documentType": "Android Apps",
      "title": "Maps - Navigate \u0026 Explore"
    },
    "firstInstallationTime": "2019-03-19T12:34:33.526003Z",
    "deviceAttribute": {
      "model": "SM-T280",
      "carrier": "No carrier",
      "manufacturer": "samsung",
      "deviceDisplayName": "samsung SM-T280"
    },
    "lastUpdateTime": "2019-03-19T13:05:58.836Z"
  }
},
{
  "install": {
    "doc": {
      "documentType": "Android Apps",
      "title": "Maps - Navigate \u0026 Explore"
    },
    "firstInstallationTime": "2019-03-15T05:33:43.898006Z",
    "deviceAttribute": {
      "deviceDisplayName": "Unknown Device"
    },
    "lastUpdateTime": "2019-03-15T06:25:58.243Z"
  }
},
{
  "install": {
    "doc": {
      "documentType": "Android Apps",
      "title": "Maps - Navigate \u0026 Explore"
    },
    "firstInstallationTime": "2019-03-09T23:39:55.625006Z",
    "deviceAttribute": {
      "model": "LG-K121",
      "carrier": "No carrier",
      "manufacturer": "LGE",
      "deviceDisplayName": "LGE LG-K121"
    },
    "lastUpdateTime": "2019-03-10T01:09:09.515Z"
  }
},
{
  "install": {
    "doc": {
      "documentType": "Android Apps",
      "title": "Maps - Navigate \u0026 Explore"
    },
    "firstInstallationTime": "2019-03-07T22:35:26.545006Z",
    "deviceAttribute": {
      "deviceDisplayName": "Unknown Device"
    },
    "lastUpdateTime": "2019-03-07T23:35:12.124Z"
  }
},
{
  "install": {
    "doc": {
      "documentType": "Android Apps",
      "title": "Maps - Navigate \u0026 Explore"
    },
    "firstInstallationTime": "2019-03-25T21:20:13.423008Z",
    "deviceAttribute": {
      "deviceDisplayName": "Unknown Device"
    },
    "lastUpdateTime": "2019-03-29T01:48:57.541Z"
  }
},
{
  "install": {
    "doc": {
      "documentType": "Android Apps",
      "title": "Maps - Navigate \u0026 Explore"
    },
    "firstInstallationTime": "2019-03-18T23:51:13.852006Z",
    "deviceAttribute": {
      "model": "LG-K121",
      "carrier": "Koodo Mobile",
      "manufacturer": "LGE",
      "deviceDisplayName": "LGE LG-K121"
    },
    "lastUpdateTime": "2019-03-19T00:18:52.799Z"
  }
},
{
  "install": {
    "doc": {
      "documentType": "Android Apps",
      "title": "Maps - Navigate \u0026 Explore"
    },
    "firstInstallationTime": "2019-03-16T18:01:10.136003Z",
    "deviceAttribute": {
      "deviceDisplayName": "Unknown Device"
    },
    "lastUpdateTime": "2019-03-19T11:56:31.932Z"
  }
},
{
  "install": {
    "doc": {
      "documentType": "Android Apps",
      "title": "Maps - Navigate \u0026 Explore"
    },
    "firstInstallationTime": "2019-03-15T03:03:47.299006Z",
    "deviceAttribute": {
      "deviceDisplayName": "Unknown Device"
    },
    "lastUpdateTime": "2019-03-15T05:20:59.986Z"
  }
},
{
  "install": {
    "doc": {
      "documentType": "Android Apps",
      "title": "Maps - Navigate \u0026 Explore"
    },
    "firstInstallationTime": "2019-03-11T23:24:00.109006Z",
    "deviceAttribute": {
      "deviceDisplayName": "Unknown Device"
    },
    "lastUpdateTime": "2019-03-13T07:38:33.736Z"
  }
},
{
  "install": {
    "doc": {
      "documentType": "Android Apps",
      "title": "Maps - Navigate \u0026 Explore"
    },
    "firstInstallationTime": "2019-03-03T19:03:02.483002Z",
    "deviceAttribute": {
      "deviceDisplayName": "Unknown Device"
    },
    "lastUpdateTime": "2019-03-10T16:45:15.092Z"
  }
},
{
  "install": {
    "doc": {
      "documentType": "Android Apps",
      "title": "Android System WebView"
    },
    "firstInstallationTime": "2019-03-09T23:39:55.625017Z",
    "deviceAttribute": {
      "model": "LG-K121",
      "carrier": "No carrier",
      "manufacturer": "LGE",
      "deviceDisplayName": "LGE LG-K121"
    },
    "lastUpdateTime": "2019-03-14T02:35:15.874Z"
  }
},
{
  "install": {
    "doc": {
      "documentType": "Android Apps",
      "title": "Android System WebView"
    },
    "firstInstallationTime": "2019-03-07T22:35:26.545017Z",
    "deviceAttribute": {
      "deviceDisplayName": "Unknown Device"
    },
    "lastUpdateTime": "2019-03-09T15:45:38.639Z"
  }
},
{
  "install": {
    "doc": {
      "documentType": "Android Apps",
      "title": "Android System WebView"
    },
    "firstInstallationTime": "2019-03-25T22:34:40.036Z",
    "deviceAttribute": {
      "deviceDisplayName": "Unknown Device"
    },
    "lastUpdateTime": "2019-03-29T01:48:57.541Z"
  }
},
{
  "install": {
    "doc": {
      "documentType": "Android Apps",
      "title": "Android System WebView"
    },
    "firstInstallationTime": "2019-03-19T13:05:58.836002Z",
    "deviceAttribute": {
      "model": "SM-T280",
      "carrier": "No carrier",
      "manufacturer": "samsung",
      "deviceDisplayName": "samsung SM-T280"
    },
    "lastUpdateTime": "2019-03-19T16:02:39.622Z"
  }
},
{
  "install": {
    "doc": {
      "documentType": "Android Apps",
      "title": "Android System WebView"
    },
    "firstInstallationTime": "2019-03-18T23:51:13.852017Z",
    "deviceAttribute": {
      "model": "LG-K121",
      "carrier": "Koodo Mobile",
      "manufacturer": "LGE",
      "deviceDisplayName": "LGE LG-K121"
    },
    "lastUpdateTime": "2019-03-19T00:18:52.799Z"
  }
},
{
  "install": {
    "doc": {
      "documentType": "Android Apps",
      "title": "Android System WebView"
    },
    "firstInstallationTime": "2019-03-16T18:01:10.136013Z",
    "deviceAttribute": {
      "deviceDisplayName": "Unknown Device"
    },
    "lastUpdateTime": "2019-03-19T11:56:31.932Z"
  }
},
{
  "install": {
    "doc": {
      "documentType": "Android Apps",
      "title": "Android System WebView"
    },
    "firstInstallationTime": "2019-03-15T05:33:43.898017Z",
    "deviceAttribute": {
      "deviceDisplayName": "Unknown Device"
    },
    "lastUpdateTime": "2019-03-18T16:53:19.530Z"
  }
},
{
  "install": {
    "doc": {
      "documentType": "Android Apps",
      "title": "Android System WebView"
    },
    "firstInstallationTime": "2019-03-15T03:03:47.299017Z",
    "deviceAttribute": {
      "deviceDisplayName": "Unknown Device"
    },
    "lastUpdateTime": "2019-03-15T05:20:59.986Z"
  }
},
{
  "install": {
    "doc": {
      "documentType": "Android Apps",
      "title": "Android System WebView"
    },
    "firstInstallationTime": "2019-03-11T23:24:00.109017Z",
    "deviceAttribute": {
      "deviceDisplayName": "Unknown Device"
    },
    "lastUpdateTime": "2019-03-13T07:38:33.736Z"
  }
},
{
  "install": {
    "doc": {
      "documentType": "Android Apps",
      "title": "Android System WebView"
    },
    "firstInstallationTime": "2019-03-03T19:03:02.483010Z",
    "deviceAttribute": {
      "deviceDisplayName": "Unknown Device"
    },
    "lastUpdateTime": "2019-03-10T16:45:15.092Z"
  }
},
{
  "install": {
    "doc": {
      "documentType": "Android Apps",
      "title": "Google"
    },
    "firstInstallationTime": "2019-03-19T12:34:33.526007Z",
    "deviceAttribute": {
      "model": "SM-T280",
      "carrier": "No carrier",
      "manufacturer": "samsung",
      "deviceDisplayName": "samsung SM-T280"
    },
    "lastUpdateTime": "2019-03-19T13:14:39.316Z"
  }
},
{
  "install": {
    "doc": {
      "documentType": "Android Apps",
      "title": "Google"
    },
    "firstInstallationTime": "2019-03-18T23:51:13.852010Z",
    "deviceAttribute": {
      "model": "LG-K121",
      "carrier": "Koodo Mobile",
      "manufacturer": "LGE",
      "deviceDisplayName": "LGE LG-K121"
    },
    "lastUpdateTime": "2019-03-19T00:14:41.673Z"
  }
},
{
  "install": {
    "doc": {
      "documentType": "Android Apps",
      "title": "Google"
    },
    "firstInstallationTime": "2019-03-15T05:33:43.898010Z",
    "deviceAttribute": {
      "deviceDisplayName": "Unknown Device"
    },
    "lastUpdateTime": "2019-03-15T06:45:09.926Z"
  }
},
{
  "install": {
    "doc": {
      "documentType": "Android Apps",
      "title": "Google"
    },
    "firstInstallationTime": "2019-03-09T23:39:55.625010Z",
    "deviceAttribute": {
      "model": "LG-K121",
      "carrier": "No carrier",
      "manufacturer": "LGE",
      "deviceDisplayName": "LGE LG-K121"
    },
    "lastUpdateTime": "2019-03-10T01:17:00.854Z"
  }
},
{
  "install": {
    "doc": {
      "documentType": "Android Apps",
      "title": "Google"
    },
    "firstInstallationTime": "2019-03-25T21:20:13.423016Z",
    "deviceAttribute": {
      "deviceDisplayName": "Unknown Device"
    },
    "lastUpdateTime": "2019-03-29T01:48:57.541Z"
  }
},
{
  "install": {
    "doc": {
      "documentType": "Android Apps",
      "title": "Google"
    },
    "firstInstallationTime": "2019-03-16T18:01:10.136007Z",
    "deviceAttribute": {
      "deviceDisplayName": "Unknown Device"
    },
    "lastUpdateTime": "2019-03-19T11:56:31.932Z"
  }
},
{
  "install": {
    "doc": {
      "documentType": "Android Apps",
      "title": "Google"
    },
    "firstInstallationTime": "2019-03-15T03:03:47.299010Z",
    "deviceAttribute": {
      "deviceDisplayName": "Unknown Device"
    },
    "lastUpdateTime": "2019-03-15T05:20:59.986Z"
  }
},
{
  "install": {
    "doc": {
      "documentType": "Android Apps",
      "title": "Google"
    },
    "firstInstallationTime": "2019-03-11T23:24:00.109010Z",
    "deviceAttribute": {
      "deviceDisplayName": "Unknown Device"
    },
    "lastUpdateTime": "2019-03-13T07:38:33.736Z"
  }
},
{
  "install": {
    "doc": {
      "documentType": "Android Apps",
      "title": "Chrome Dev"
    },
    "firstInstallationTime": "2019-03-25T22:35:24.605Z",
    "deviceAttribute": {
      "deviceDisplayName": "Unknown Device"
    },
    "lastUpdateTime": "2019-03-29T01:48:57.541Z"
  }
},
{
  "install": {
    "doc": {
      "documentType": "Android Apps",
      "title": "Chrome Dev"
    },
    "firstInstallationTime": "2019-03-19T16:02:39.622Z",
    "deviceAttribute": {
      "model": "SM-T280",
      "carrier": "No carrier",
      "manufacturer": "samsung",
      "deviceDisplayName": "samsung SM-T280"
    },
    "lastUpdateTime": "2019-03-19T16:02:39.622Z"
  }
},
{
  "install": {
    "doc": {
      "documentType": "Android Apps",
      "title": "Chrome Dev"
    },
    "firstInstallationTime": "2019-03-16T18:08:14.987Z",
    "deviceAttribute": {
      "deviceDisplayName": "Unknown Device"
    },
    "lastUpdateTime": "2019-03-19T11:56:31.932Z"
  }
},
{
  "install": {
    "doc": {
      "documentType": "Android Apps",
      "title": "Chrome Dev"
    },
    "firstInstallationTime": "2019-03-18T16:49:29.341Z",
    "deviceAttribute": {
      "deviceDisplayName": "Unknown Device"
    },
    "lastUpdateTime": "2019-03-18T16:49:29.341Z"
  }
},
{
  "install": {
    "doc": {
      "documentType": "Android Apps",
      "title": "Chrome Dev"
    },
    "firstInstallationTime": "2019-03-13T10:31:38.514Z",
    "deviceAttribute": {
      "model": "LG-K121",
      "carrier": "No carrier",
      "manufacturer": "LGE",
      "deviceDisplayName": "LGE LG-K121"
    },
    "lastUpdateTime": "2019-03-14T02:29:42.200Z"
  }
},
{
  "install": {
    "doc": {
      "documentType": "Android Apps",
      "title": "Chrome Dev"
    },
    "firstInstallationTime": "2019-03-13T10:34:19.218Z",
    "deviceAttribute": {
      "deviceDisplayName": "Unknown Device"
    },
    "lastUpdateTime": "2019-03-13T10:34:19.224Z"
  }
},
{
  "install": {
    "doc": {
      "documentType": "Android Apps",
      "title": "Chrome Dev"
    },
    "firstInstallationTime": "2019-03-13T10:33:25.564Z",
    "deviceAttribute": {
      "deviceDisplayName": "Unknown Device"
    },
    "lastUpdateTime": "2019-03-13T10:33:25.571Z"
  }
},
{
  "install": {
    "doc": {
      "documentType": "Android Apps",
      "title": "Chrome Dev"
    },
    "firstInstallationTime": "2019-03-08T00:50:19.398Z",
    "deviceAttribute": {
      "deviceDisplayName": "Unknown Device"
    },
    "lastUpdateTime": "2019-03-08T00:50:19.398Z"
  }
},
{
  "install": {
    "doc": {
      "documentType": "Android Apps",
      "title": "Google Slides"
    },
    "firstInstallationTime": "2019-03-15T05:33:43.898005Z",
    "deviceAttribute": {
      "deviceDisplayName": "Unknown Device"
    },
    "lastUpdateTime": "2019-03-15T06:32:29.994Z"
  }
},
{
  "install": {
    "doc": {
      "documentType": "Android Apps",
      "title": "Google Slides"
    },
    "firstInstallationTime": "2019-03-09T23:39:55.625005Z",
    "deviceAttribute": {
      "model": "LG-K121",
      "carrier": "No carrier",
      "manufacturer": "LGE",
      "deviceDisplayName": "LGE LG-K121"
    },
    "lastUpdateTime": "2019-03-14T02:39:22.039Z"
  }
},
{
  "install": {
    "doc": {
      "documentType": "Android Apps",
      "title": "Google Slides"
    },
    "firstInstallationTime": "2019-03-25T21:20:13.423007Z",
    "deviceAttribute": {
      "deviceDisplayName": "Unknown Device"
    },
    "lastUpdateTime": "2019-03-29T01:48:57.541Z"
  }
},
{
  "install": {
    "doc": {
      "documentType": "Android Apps",
      "title": "Google Slides"
    },
    "firstInstallationTime": "2019-03-18T23:51:13.852005Z",
    "deviceAttribute": {
      "model": "LG-K121",
      "carrier": "Koodo Mobile",
      "manufacturer": "LGE",
      "deviceDisplayName": "LGE LG-K121"
    },
    "lastUpdateTime": "2019-03-19T00:18:52.799Z"
  }
},
{
  "install": {
    "doc": {
      "documentType": "Android Apps",
      "title": "Google Slides"
    },
    "firstInstallationTime": "2019-03-15T03:03:47.299005Z",
    "deviceAttribute": {
      "deviceDisplayName": "Unknown Device"
    },
    "lastUpdateTime": "2019-03-15T05:20:59.986Z"
  }
},
{
  "install": {
    "doc": {
      "documentType": "Android Apps",
      "title": "Google Slides"
    },
    "firstInstallationTime": "2019-03-11T23:24:00.109005Z",
    "deviceAttribute": {
      "deviceDisplayName": "Unknown Device"
    },
    "lastUpdateTime": "2019-03-13T07:38:33.736Z"
  }
},
{
  "install": {
    "doc": {
      "documentType": "Android Apps",
      "title": "Google Slides"
    },
    "firstInstallationTime": "2019-03-07T22:35:26.545005Z",
    "deviceAttribute": {
      "deviceDisplayName": "Unknown Device"
    },
    "lastUpdateTime": "2019-03-09T15:45:38.639Z"
  }
},
{
  "install": {
    "doc": {
      "documentType": "Android Apps",
      "title": "Cloud Print"
    },
    "firstInstallationTime": "2019-03-15T05:33:43.898001Z",
    "deviceAttribute": {
      "deviceDisplayName": "Unknown Device"
    },
    "lastUpdateTime": "2019-03-15T06:35:06.672Z"
  }
},
{
  "install": {
    "doc": {
      "documentType": "Android Apps",
      "title": "Cloud Print"
    },
    "firstInstallationTime": "2019-03-09T23:39:55.625001Z",
    "deviceAttribute": {
      "model": "LG-K121",
      "carrier": "No carrier",
      "manufacturer": "LGE",
      "deviceDisplayName": "LGE LG-K121"
    },
    "lastUpdateTime": "2019-03-09T23:51:48.866Z"
  }
},
{
  "install": {
    "doc": {
      "documentType": "Android Apps",
      "title": "Cloud Print"
    },
    "firstInstallationTime": "2019-03-07T22:35:26.545001Z",
    "deviceAttribute": {
      "deviceDisplayName": "Unknown Device"
    },
    "lastUpdateTime": "2019-03-08T01:09:04.915Z"
  }
},
{
  "install": {
    "doc": {
      "documentType": "Android Apps",
      "title": "Cloud Print"
    },
    "firstInstallationTime": "2019-03-25T21:20:13.423003Z",
    "deviceAttribute": {
      "deviceDisplayName": "Unknown Device"
    },
    "lastUpdateTime": "2019-03-29T01:48:57.541Z"
  }
},
{
  "install": {
    "doc": {
      "documentType": "Android Apps",
      "title": "Cloud Print"
    },
    "firstInstallationTime": "2019-03-18T23:51:13.852001Z",
    "deviceAttribute": {
      "model": "LG-K121",
      "carrier": "Koodo Mobile",
      "manufacturer": "LGE",
      "deviceDisplayName": "LGE LG-K121"
    },
    "lastUpdateTime": "2019-03-19T00:18:52.799Z"
  }
},
{
  "install": {
    "doc": {
      "documentType": "Android Apps",
      "title": "Cloud Print"
    },
    "firstInstallationTime": "2019-03-15T03:03:47.299001Z",
    "deviceAttribute": {
      "deviceDisplayName": "Unknown Device"
    },
    "lastUpdateTime": "2019-03-15T05:20:59.986Z"
  }
},
{
  "install": {
    "doc": {
      "documentType": "Android Apps",
      "title": "Cloud Print"
    },
    "firstInstallationTime": "2019-03-11T23:24:00.109001Z",
    "deviceAttribute": {
      "deviceDisplayName": "Unknown Device"
    },
    "lastUpdateTime": "2019-03-13T07:38:33.736Z"
  }
},
{
  "install": {
    "doc": {
      "documentType": "Android Apps",
      "title": "YouTube"
    },
    "firstInstallationTime": "2019-03-25T21:20:13.423023Z",
    "deviceAttribute": {
      "deviceDisplayName": "Unknown Device"
    },
    "lastUpdateTime": "2019-03-25T22:24:03.486Z"
  }
},
{
  "install": {
    "doc": {
      "documentType": "Android Apps",
      "title": "YouTube"
    },
    "firstInstallationTime": "2019-03-19T12:34:33.526014Z",
    "deviceAttribute": {
      "model": "SM-T280",
      "carrier": "No carrier",
      "manufacturer": "samsung",
      "deviceDisplayName": "samsung SM-T280"
    },
    "lastUpdateTime": "2019-03-19T15:41:46.098Z"
  }
},
{
  "install": {
    "doc": {
      "documentType": "Android Apps",
      "title": "YouTube"
    },
    "firstInstallationTime": "2019-03-18T23:51:13.852018Z",
    "deviceAttribute": {
      "model": "LG-K121",
      "carrier": "Koodo Mobile",
      "manufacturer": "LGE",
      "deviceDisplayName": "LGE LG-K121"
    },
    "lastUpdateTime": "2019-03-19T00:18:52.799Z"
  }
},
{
  "install": {
    "doc": {
      "documentType": "Android Apps",
      "title": "YouTube"
    },
    "firstInstallationTime": "2019-03-16T18:01:10.136014Z",
    "deviceAttribute": {
      "deviceDisplayName": "Unknown Device"
    },
    "lastUpdateTime": "2019-03-16T19:03:04.419Z"
  }
},
{
  "install": {
    "doc": {
      "documentType": "Android Apps",
      "title": "YouTube"
    },
    "firstInstallationTime": "2019-03-09T23:39:55.625018Z",
    "deviceAttribute": {
      "model": "LG-K121",
      "carrier": "No carrier",
      "manufacturer": "LGE",
      "deviceDisplayName": "LGE LG-K121"
    },
    "lastUpdateTime": "2019-03-14T02:35:15.874Z"
  }
},
{
  "install": {
    "doc": {
      "documentType": "Android Apps",
      "title": "YouTube"
    },
    "firstInstallationTime": "2019-03-15T05:33:43.898018Z",
    "deviceAttribute": {
      "deviceDisplayName": "Unknown Device"
    },
    "lastUpdateTime": "2019-03-18T16:53:19.530Z"
  }
},
{
  "install": {
    "doc": {
      "documentType": "Android Apps",
      "title": "YouTube"
    },
    "firstInstallationTime": "2019-03-11T23:24:00.109018Z",
    "deviceAttribute": {
      "deviceDisplayName": "Unknown Device"
    },
    "lastUpdateTime": "2019-03-13T07:38:33.736Z"
  }
},
{
  "install": {
    "doc": {
      "documentType": "Android Apps",
      "title": "YouTube"
    },
    "firstInstallationTime": "2019-03-07T22:35:26.545018Z",
    "deviceAttribute": {
      "deviceDisplayName": "Unknown Device"
    },
    "lastUpdateTime": "2019-03-09T15:45:38.639Z"
  }
},
{
  "install": {
    "doc": {
      "documentType": "Android Apps",
      "title": "YouTube"
    },
    "firstInstallationTime": "2019-03-03T19:03:02.483011Z",
    "deviceAttribute": {
      "deviceDisplayName": "Unknown Device"
    },
    "lastUpdateTime": "2019-03-10T16:45:15.092Z"
  }
},
{
  "install": {
    "doc": {
      "documentType": "Android Apps",
      "title": "Gboard - the Google Keyboard"
    },
    "firstInstallationTime": "2019-03-09T23:39:55.625011Z",
    "deviceAttribute": {
      "model": "LG-K121",
      "carrier": "No carrier",
      "manufacturer": "LGE",
      "deviceDisplayName": "LGE LG-K121"
    },
    "lastUpdateTime": "2019-03-10T00:34:16.399Z"
  }
},
{
  "install": {
    "doc": {
      "documentType": "Android Apps",
      "title": "Gboard - the Google Keyboard"
    },
    "firstInstallationTime": "2019-03-25T21:20:13.423018Z",
    "deviceAttribute": {
      "deviceDisplayName": "Unknown Device"
    },
    "lastUpdateTime": "2019-03-29T01:48:57.541Z"
  }
},
{
  "install": {
    "doc": {
      "documentType": "Android Apps",
      "title": "Gboard - the Google Keyboard"
    },
    "firstInstallationTime": "2019-03-18T23:51:13.852011Z",
    "deviceAttribute": {
      "model": "LG-K121",
      "carrier": "Koodo Mobile",
      "manufacturer": "LGE",
      "deviceDisplayName": "LGE LG-K121"
    },
    "lastUpdateTime": "2019-03-19T00:18:52.799Z"
  }
},
{
  "install": {
    "doc": {
      "documentType": "Android Apps",
      "title": "Gboard - the Google Keyboard"
    },
    "firstInstallationTime": "2019-03-15T05:33:43.898011Z",
    "deviceAttribute": {
      "deviceDisplayName": "Unknown Device"
    },
    "lastUpdateTime": "2019-03-18T16:53:19.530Z"
  }
},
{
  "install": {
    "doc": {
      "documentType": "Android Apps",
      "title": "Gboard - the Google Keyboard"
    },
    "firstInstallationTime": "2019-03-15T03:03:47.299011Z",
    "deviceAttribute": {
      "deviceDisplayName": "Unknown Device"
    },
    "lastUpdateTime": "2019-03-15T05:20:59.986Z"
  }
},
{
  "install": {
    "doc": {
      "documentType": "Android Apps",
      "title": "Gboard - the Google Keyboard"
    },
    "firstInstallationTime": "2019-03-11T23:24:00.109011Z",
    "deviceAttribute": {
      "deviceDisplayName": "Unknown Device"
    },
    "lastUpdateTime": "2019-03-13T07:38:33.736Z"
  }
},
{
  "install": {
    "doc": {
      "documentType": "Android Apps",
      "title": "Gboard - the Google Keyboard"
    },
    "firstInstallationTime": "2019-03-07T22:35:26.545011Z",
    "deviceAttribute": {
      "deviceDisplayName": "Unknown Device"
    },
    "lastUpdateTime": "2019-03-09T15:45:38.639Z"
  }
},
{
  "install": {
    "doc": {
      "documentType": "Android Apps",
      "title": "Talkatone: Free Texts, Calls \u0026 Phone Number"
    },
    "firstInstallationTime": "2019-03-19T13:18:36.167Z",
    "deviceAttribute": {
      "model": "SM-T280",
      "carrier": "No carrier",
      "manufacturer": "samsung",
      "deviceDisplayName": "samsung SM-T280"
    },
    "lastUpdateTime": "2019-03-19T13:18:36.167Z"
  }
},
{
  "install": {
    "doc": {
      "documentType": "Android Apps",
      "title": "Talkatone: Free Texts, Calls \u0026 Phone Number"
    },
    "firstInstallationTime": "2019-03-16T18:19:25.093Z",
    "deviceAttribute": {
      "deviceDisplayName": "Unknown Device"
    },
    "lastUpdateTime": "2019-03-16T18:19:25.093Z"
  }
},
{
  "install": {
    "doc": {
      "documentType": "Android Apps",
      "title": "Talkatone: Free Texts, Calls \u0026 Phone Number"
    },
    "firstInstallationTime": "2019-03-15T07:02:15.329Z",
    "deviceAttribute": {
      "deviceDisplayName": "Unknown Device"
    },
    "lastUpdateTime": "2019-03-15T07:02:15.329Z"
  }
},
{
  "install": {
    "doc": {
      "documentType": "Android Apps",
      "title": "Samsung Push Service"
    },
    "firstInstallationTime": "2019-03-19T12:34:33.526026Z",
    "deviceAttribute": {
      "model": "SM-T280",
      "carrier": "No carrier",
      "manufacturer": "samsung",
      "deviceDisplayName": "samsung SM-T280"
    },
    "lastUpdateTime": "2019-03-19T14:14:09.375Z"
  }
},
{
  "install": {
    "doc": {
      "documentType": "Android Apps",
      "title": "Samsung Push Service"
    },
    "firstInstallationTime": "2019-03-16T18:01:10.136026Z",
    "deviceAttribute": {
      "deviceDisplayName": "Unknown Device"
    },
    "lastUpdateTime": "2019-03-16T18:56:58.608Z"
  }
},
{
  "install": {
    "doc": {
      "documentType": "Android Apps",
      "title": "Samsung Push Service"
    },
    "firstInstallationTime": "2019-03-03T19:03:02.483023Z",
    "deviceAttribute": {
      "deviceDisplayName": "Unknown Device"
    },
    "lastUpdateTime": "2019-03-10T16:45:15.092Z"
  }
},
{
  "install": {
    "doc": {
      "documentType": "Android Apps",
      "title": "Netflix"
    },
    "firstInstallationTime": "2019-03-25T22:27:40.658Z",
    "deviceAttribute": {
      "deviceDisplayName": "Unknown Device"
    },
    "lastUpdateTime": "2019-03-26T15:07:17.314Z"
  }
},
{
  "install": {
    "doc": {
      "documentType": "Android Apps",
      "title": "Netflix"
    },
    "firstInstallationTime": "2019-03-19T15:41:46.098001Z",
    "deviceAttribute": {
      "model": "SM-T280",
      "carrier": "No carrier",
      "manufacturer": "samsung",
      "deviceDisplayName": "samsung SM-T280"
    },
    "lastUpdateTime": "2019-03-19T15:41:46.098Z"
  }
},
{
  "install": {
    "doc": {
      "documentType": "Android Apps",
      "title": "Netflix"
    },
    "firstInstallationTime": "2019-03-19T02:56:41.448Z",
    "deviceAttribute": {
      "deviceDisplayName": "Unknown Device"
    },
    "lastUpdateTime": "2019-03-19T02:56:41.448Z"
  }
},
{
  "install": {
    "doc": {
      "documentType": "Android Apps",
      "title": "Netflix"
    },
    "firstInstallationTime": "2019-03-16T19:38:47.106Z",
    "deviceAttribute": {
      "deviceDisplayName": "Unknown Device"
    },
    "lastUpdateTime": "2019-03-16T19:38:47.106Z"
  }
},
{
  "install": {
    "doc": {
      "documentType": "Android Apps",
      "title": "Update Software Latest"
    },
    "firstInstallationTime": "2019-03-18T15:45:33.444Z",
    "deviceAttribute": {
      "deviceDisplayName": "Unknown Device"
    },
    "lastUpdateTime": "2019-03-18T15:45:33.444Z"
  }
},
{
  "install": {
    "doc": {
      "documentType": "Android Apps",
      "title": "Fix Play Store \u0026 Google Play Services Error Info"
    },
    "firstInstallationTime": "2019-03-19T18:54:37.391001Z",
    "deviceAttribute": {
      "model": "SM-T280",
      "carrier": "No carrier",
      "manufacturer": "samsung",
      "deviceDisplayName": "samsung SM-T280"
    },
    "lastUpdateTime": "2019-03-19T18:54:37.398Z"
  }
},
{
  "install": {
    "doc": {
      "documentType": "Android Apps",
      "title": "LinkedIn: Jobs, professional profile, \u0026 networking"
    },
    "firstInstallationTime": "2019-03-26T23:15:58.275Z",
    "deviceAttribute": {
      "deviceDisplayName": "Unknown Device"
    },
    "lastUpdateTime": "2019-03-26T23:15:58.275Z"
  }
}]