[{
  "libraryDoc": {
    "doc": {
      "documentType": "Android Apps",
      "title": "Google Text-to-Speech"
    },
    "acquisitionTime": "2019-03-03T23:18:59.924Z"
  }
},
{
  "libraryDoc": {
    "doc": {
      "documentType": "Android Apps",
      "title": "Google Play services"
    },
    "acquisitionTime": "2019-03-07T22:37:35.679Z"
  }
},
{
  "libraryDoc": {
    "doc": {
      "documentType": "Android Apps",
      "title": "Facebook"
    },
    "acquisitionTime": "2019-03-07T22:37:37.658Z"
  }
},
{
  "libraryDoc": {
    "doc": {
      "documentType": "Android Apps",
      "title": "Hangouts"
    },
    "acquisitionTime": "2019-03-07T22:46:43.506Z"
  }
},
{
  "libraryDoc": {
    "doc": {
      "documentType": "Android Apps",
      "title": "Google Photos"
    },
    "acquisitionTime": "2019-03-07T22:48:42.878Z"
  }
},
{
  "libraryDoc": {
    "doc": {
      "documentType": "Android Apps",
      "title": "Google Play Music"
    },
    "acquisitionTime": "2019-03-07T22:50:12.687Z"
  }
},
{
  "libraryDoc": {
    "doc": {
      "documentType": "Android Apps",
      "title": "Instant Apps"
    },
    "acquisitionTime": "2019-03-07T22:51:12.593Z"
  }
},
{
  "libraryDoc": {
    "doc": {
      "documentType": "Android Apps",
      "title": "Messenger – Text and Video Chat for Free"
    },
    "acquisitionTime": "2019-03-07T22:52:14.558Z"
  }
},
{
  "libraryDoc": {
    "doc": {
      "documentType": "Android Apps",
      "title": "Google Chrome: Fast \u0026 Secure"
    },
    "acquisitionTime": "2019-03-07T23:02:11.728Z"
  }
},
{
  "libraryDoc": {
    "doc": {
      "documentType": "Android Apps",
      "title": "Google Drive"
    },
    "acquisitionTime": "2019-03-07T23:09:19.327Z"
  }
},
{
  "libraryDoc": {
    "doc": {
      "documentType": "Android Apps",
      "title": "Gmail"
    },
    "acquisitionTime": "2019-03-07T23:13:08.517Z"
  }
},
{
  "libraryDoc": {
    "doc": {
      "documentType": "Android Apps",
      "title": "Maps - Navigate \u0026 Explore"
    },
    "acquisitionTime": "2019-03-07T23:15:16.591Z"
  }
},
{
  "libraryDoc": {
    "doc": {
      "documentType": "Android Apps",
      "title": "Android System WebView"
    },
    "acquisitionTime": "2019-03-07T23:17:23.389Z"
  }
},
{
  "libraryDoc": {
    "doc": {
      "documentType": "Android Apps",
      "title": "Google"
    },
    "acquisitionTime": "2019-03-07T23:28:49.222Z"
  }
},
{
  "libraryDoc": {
    "doc": {
      "documentType": "Android Apps",
      "title": "Messenger -  Text Messages, Free Messenger for SMS"
    },
    "acquisitionTime": "2019-03-08T00:22:17.957Z"
  }
},
{
  "libraryDoc": {
    "doc": {
      "documentType": "Android Apps",
      "title": "Chrome Dev"
    },
    "acquisitionTime": "2019-03-08T00:43:39.206Z"
  }
},
{
  "libraryDoc": {
    "doc": {
      "documentType": "Android Apps",
      "title": "Google Slides"
    },
    "acquisitionTime": "2019-03-08T00:53:23.353Z"
  }
},
{
  "libraryDoc": {
    "doc": {
      "documentType": "Android Apps",
      "title": "Cloud Print"
    },
    "acquisitionTime": "2019-03-08T01:00:47.839Z"
  }
},
{
  "libraryDoc": {
    "doc": {
      "documentType": "Android Apps",
      "title": "YouTube"
    },
    "acquisitionTime": "2019-03-08T20:37:30.412Z"
  }
},
{
  "libraryDoc": {
    "doc": {
      "documentType": "Book",
      "title": "Fire and Fury"
    },
    "acquisitionTime": "2019-03-08T20:42:37Z"
  }
},
{
  "libraryDoc": {
    "doc": {
      "documentType": "Android Apps",
      "title": "Gboard - the Google Keyboard"
    },
    "acquisitionTime": "2019-03-09T23:57:05.664Z"
  }
},
{
  "libraryDoc": {
    "doc": {
      "documentType": "Android Apps",
      "title": "Google Home"
    },
    "acquisitionTime": "2019-03-15T03:19:18.446Z"
  }
},
{
  "libraryDoc": {
    "doc": {
      "documentType": "Android Apps",
      "title": "Talkatone: Free Texts, Calls \u0026 Phone Number"
    },
    "acquisitionTime": "2019-03-15T06:59:52.565Z"
  }
},
{
  "libraryDoc": {
    "doc": {
      "documentType": "Android Apps",
      "title": "Samsung Push Service"
    },
    "acquisitionTime": "2019-03-16T18:56:36.544Z"
  }
},
{
  "libraryDoc": {
    "doc": {
      "documentType": "Android Apps",
      "title": "Netflix"
    },
    "acquisitionTime": "2019-03-16T18:57:15.513Z"
  }
},
{
  "libraryDoc": {
    "doc": {
      "documentType": "Android Apps",
      "title": "Update Software Latest"
    },
    "acquisitionTime": "2019-03-18T15:36:26.065Z"
  }
},
{
  "libraryDoc": {
    "doc": {
      "documentType": "Android Apps",
      "title": "Fix Play Store \u0026 Google Play Services Error Info"
    },
    "acquisitionTime": "2019-03-19T18:54:37.364Z"
  }
},
{
  "libraryDoc": {
    "doc": {
      "documentType": "Android Apps",
      "title": "LinkedIn: Jobs, professional profile, \u0026 networking"
    },
    "acquisitionTime": "2019-03-26T23:15:24.905Z"
  }
}]